MOF,log_kh_true,log_kh_md,log_kh_md_stdev,nCAC
010_bcg+N131+14_charge,-3.042786146,-2.358745627,1.358458847,63.06427281
022_dmp+N276+33_charge,-4.789816844,,,64.62121667
ddmof_2168,-7.058080618,,,64.28527879
ddmof_6878,-6.776034274,-6.508920636,0.215793545,62.55849018
ddmof_6949,-6.700253424,-5.921434572,0.577617363,63.21670035
MgMOF74,-5.355215814,-8.466789593,0.023285013,49.89165612
RSM0059,-8.276528044,-9.592056345,0.368998119,64.82657504
RSM0177,-8.133299073,,,64.39263588
RSM0426,-7.749492959,,,65.492106
RSM0498,-4.255429227,,,64.25647692
RSM0820,-7.208994164,-37.40822882,9.336927605,62.08709444
RSM0851,-7.458309745,-10.53203461,0.110295859,56.22985651
RSM1007,-7.348263797,-7.270426714,0.015156666,63.5757615
RSM1066,-6.328740306,,,64.38502234
RSM1173,-6.933907281,-8.388080686,0.044450335,61.60717322
RSM1223,-7.522653359,-7.890885998,0.225410249,63.60254248
RSM1301,-4.706940488,-82.54860083,16.87519399,64.6163475
RSM1404,-7.216708657,,,63.96284974
RSM1585,-5.886182435,-7.469835124,0.496025389,61.42156227
RSM1663,-6.961572809,,,62.28350084
RSM1681,-7.136419039,-7.436210827,0.094748809,58.13747883
RSM1734,-6.40237244,-6.764355781,0.019816289,60.53018503
RSM1799,-6.052055669,,,64.3255067
RSM1817,-7.778382157,-11.416983,5.835529316,61.9543761
RSM1886,-7.57694768,-8.65551625,0.119734284,62.12846935
RSM1889,-7.095894928,-6.697990414,0.115647815,63.51497829
RSM1926,-8.238675484,,,65.25240138
RSM2785,-6.972666136,-8.515271614,0.159005514,58.29742813
RSM2879,-7.886599836,-8.524156425,0.064849881,64.62477957
RSM3110,-6.533622612,-8.474183186,0.195500101,62.66981435
RSM3372,-7.968080944,-9.072530156,0.049961369,65.18963987
RSM3391,-7.885469389,-7.52939722,0.070267157,60.3051165
RSM3801,-7.415334511,,,64.90463046
str_m4_o17_o17_acs_sym.171,-5.24396366,-6.370483705,0.17323367,65.73519762
str_m4_o17_o17_acs_sym.22,-5.929635944,-6.192956107,0.065906652,65.38725909
str_m4_o5_o24_acs_sym.154,-6.11365478,-9.698361331,0.056096611,62.42549048
str_m5_o1_o18_sra_sym.61,-7.738370734,-8.882275249,0.160867458,64.21353804
str_m5_o11_o18_sra_sym.132,-7.792990756,-9.897820917,0.034999772,65.39899072
str_m5_o16_o16_sra_sym.3,-7.844973471,-9.591339798,0.030823187,63.77259776
str_m5_o16_o16_sra_sym.43,-7.812703086,-10.31033176,0.037571242,64.89316943
str_m5_o16_o24_sra_sym.92,-7.378070957,-9.894967126,0.033919175,65.20120699
str_m5_o18_o18_sra_sym.57,-7.589871525,-47.97856312,21.1132013,62.0459753
str_m5_o18_o24_sra_sym.80,-7.640304629,-9.770616068,0.05766714,63.87604728
str_m5_o4_o16_sra_sym.5,-7.74799974,-9.746884506,0.010850079,63.98632544
str_m5_o4_o16_sra_sym.60,-7.230926369,-9.693985387,0.333149182,63.02777008
str_m5_o4_o16_sra_sym.65,-7.386210523,-8.713674416,0.036443554,63.25538704
v0_bcg+N131+156,-4.282572326,-0.987615919,1.175012298,57.23721048
v0_bcg+N131+288,-5.34143157,-7.515111062,4.605888736,56.78405634
v0+bcg+N131+345,-4.059421532,-3.310045106,0.49263116,61.32180139
v0+bcg+N131+733,-5.480899757,-4.760867107,0.510189587,61.20584839
v0+bcg+N131+823,-5.792623524,-4.880593269,0.938415828,65.25668
v0+bcu+N131+1164,-4.842393646,-3.580149577,0.176907733,57.88930072
v0+bcu+N131+262,-6.123844603,-2.26122671,0.575206793,61.87676824
v0+bcu+N131+319,-6.192367269,-5.621970802,0.169675872,64.69170957
v0+bcu+N131+466,-5.703906482,-6.585076312,0.519014388,59.78133551
v0+bcu+N131+634,-4.109571912,-1.207725739,0.86254254,58.11210419
v0+bcu+N131+644,-4.92047974,-4.882197763,0.61071366,58.5004745
v0+bcu+N131+742,-4.753373255,-3.984145146,1.050567953,58.10038056
v0+tfz-d+N131+1081,-6.29158634,-6.000301372,0.087455764,61.88790782
v0+tfz-d+N131+627,-5.842555007,-5.260231834,0.177182941,63.37724943
