MOF,CO2,N2
691978,1.651000929,0.917697171
010_bcg+N131+14_charge,0.000554582,0.671110727
014_dmp+N156+20_charge,0.015221288,0.873091396
022_dmp+N276+33_charge,0.049845028,0.526766525
025_dmp+N520+36_charge,0.350268897,1.762468824
027_dmp+N520+39_charge,0.06266535,1.049508172
030_dmp+N520+42_charge,0.002347079,0.771635657
036_bcu+N124+36_charge,0.008641948,0.994011663
041_dmp+N520+52_charge,0.02541051,0.857994138
045_dmp+N520+57_charge,0.038523978,0.985179212
047_dmp+N520+61_charge,0.011893235,0.858069288
048_dmp+N520+62_charge,0.018709418,0.871188034
050_dmp+N520+66_charge,0.038273076,1.100306624
054_dmp+N520+70_charge,0.069128343,0.807946885
061_dmp+N520+77_charge,0.034635851,0.669231766
063_crs+N324+79_charge,0.008583884,0.947081231
064_dmp+N520+81_charge,0.067056283,1.141634274
074_dmp+N520+93_charge,0.007729675,0.820719567
078_dmp+N520+20_charge,0.021226281,1.532649884
093_dmp+N520+79_charge,0.044206507,0.806013411
100_rob+N147+124_charge,0.029142683,0.687190451
102_dmp+N520+126_charge,0.135869621,0.798194101
103_tfz-d+N586+128_charge,0.049359521,1.37610765
1075_bcg+N586+1035_charge,0.02751276,1.221754954
108_dmp+N520+14_charge,0.022432932,0.64564077
130_unc+N520+41_charge,0.307521716,1.537385063
1313_hex+N586+971_charge,0.300848523,1.830841106
1337_tfz-d+N586+1590_charge,0.007711703,1.032330651
151_sxb+N250+183_charge,0.025105089,0.935757248
1565_utk+N245+427_charge,0.098981659,1.064939462
1642_lvt+N174+278_charge,0.02607498,0.412264713
165_qtz+N520+39_charge,0.097175953,0.983715884
1808_pcu+N668+2161_charge,0.040165243,1.372990947
1810_dmp+N398+39_charge,0.012130889,0.607952736
188_dmp+N520+94_charge,0.009871826,0.745454132
199_dmp+N520+244_charge,0.009216901,0.810628671
200_dmp+N520+246_charge,0.016357001,1.15148629
309_bcu+N647+383_charge,0.02480264,0.954856709
311_dmp+N520+292_charge,0.066706271,1.275077953
315_dia+N520+225_charge,0.088241182,0.769690082
322_dmp+N520+396_charge,0.036059181,0.718555112
336_dmp+N276+413_charge,0.004232208,0.713864821
345_sxb+N101+424_charge,0.127610819,0.9853388
350_dmp+N520+427_charge,0.035928688,0.860577126
454_sit+N433+556_charge,0.083114759,0.703339938
509_dmp+N390+306_charge,0.03933515,0.502656523
594_tfz-d+N586+731_charge,0.349191751,1.933096398
acs.cgd.5b01178_MAHFUZ1419064_clean,0.008401325,0.587695986
AlTBAPy,1.609654801,0.885111146
AlTCPP,1.530712005,0.765741754
AVIPOL_clean,0.034380163,0.305274579
AZAFIS_clean,0.014855965,0.377396652
AZIXUD_clean,0.013556561,0.137619359
BABRII,0.014749258,0.007962681
BEPBAB_clean,0.008277136,0.277730048
BOHWIG,0.019083695,0.011531778
c6ra01647b_c6ra01647b2_clean,0.008004397,0.157912314
CALF20,0.000752564,0.010098067
CANRUG_clean,0.058043326,0.216445345
Ca-SQA,0.022738315,0.055845896
CAU10,1.833899722,0.926558633
CAU21,0.782595317,0.039411311
cg8013317_si_003_clean,0.021312549,0.262432056
CIFDOM_clean,0.023847208,0.482781292
CIFJAE_clean,0.030586197,0.096823776
CIJVOH_clean,0.033086474,0.049775237
CIZMIJ_clean,0.004819145,0.217870762
CuAlPyC,1.483313584,0.51813507
CUYYAX_clean,0.013610954,0.455363207
CUYYEB_clean,0.00718342,0.448718384
DAXNOG_clean,0.024356312,0.148536178
DAZMID,0.735743556,1.399978473
ddmof_16520,0.027463539,0.553536467
ddmof_16703,0.000772799,0.004690041
ddmof_21502,0.058756162,0.09782137
ddmof_2168,0.069500445,0.145811807
ddmof_22214,0.008557652,0.044651336
ddmof_22243,0.03968945,0.04250636
ddmof_22389,0.059708832,0.552090762
ddmof_22800,0.014803532,0.007378161
ddmof_22900,0.019277558,0.40233538
ddmof_22908,0.021624485,0.039204384
ddmof_23350,0.043053532,0.518850669
ddmof_23421,0.044456296,0.024670293
ddmof_23639,0.041564714,0.111220661
ddmof_23741,0.050348147,0.404812879
ddmof_23744,0.032799433,0.031346517
ddmof_3313,0.042146411,0.047863805
ddmof_6878,0.026011108,0.239980084
ddmof_6949,0.016403529,0.171119066
ddmof_7975,0.005813363,0.041331897
DEJRUH_clean,0.03298561,0.257198102
DITTEH_clean,0.034565892,0.261376578
DIWNAA_clean,0.001328487,0.118568407
DOLRAZ_clean,0.037759967,0.027218479
DUJRAD_clean,0.006208076,0.554357343
DUXMAL_clean,0.006499875,0.26078067
ECOGEI_clean,0.023941748,0.083846839
ESIDOB_clean,0.008832585,0.005565362
EXOFIH_clean,0.011232749,0.022406701
FAHGUU,0.010725545,0.003139698
FAHHAB,0.016594918,0.004711861
FAHHIJ,0.000351198,0.008008185
FAHHOP,0.000580455,0.014046569
FAHHUV,0.023333463,0.003441714
FECXAO_clean,0.034049092,0.478032986
FEXCES_clean,0.015678076,0.445575728
FEZTIP_clean,0.005086708,0.095072185
FIFNUE_clean,0.018789187,0.54507361
FIFNUE01_clean,0.006340588,0.582152394
FIFPAM_clean,0.000239416,0.404413654
FIQCEN,0.013858981,0.005905941
FOJKIA_clean,0.011553777,0.001615763
FUHMOM_clean,0.019322895,0.738724541
GITTOT02,0.05205638,0.002758869
HAFVOB_clean,0.008076831,0.174868231
HAWWOT_clean,0.059110235,0.454285982
HAWWUZ_clean,0.236944539,0.644367324
HEKTAU_clean,0.024665466,0.262325698
ic402058f_si_004_clean,0.052589153,0.183127758
INOMOP01_clean,0.027916516,0.048608652
KAYBIX_clean,0.032065974,0.120101986
KAYBUJ_clean,0.029181172,0.096616153
KEWZET_clean,0.063253406,0.178890581
KIFJUF_clean,0.05935084,0.435898357
KIFKEQ_clean,0.001306238,0.24784036
KISXIU,0.004684139,0.011016635
KIYMIQ_clean,0.008895086,0.036767496
LAGNAK_clean,0.106103472,1.739934852
LAGQER_clean,0.296724487,1.200858772
LAGQOB_clean,0.034894782,0.517209754
LASYOU,0.081875559,0.03423959
LEVNOQ_clean,0.010615144,0.593122926
LEVNOQ01_clean,0.01116431,0.570357431
LIXWAR_clean,0.007603013,0.61110493
LIXWAR01_clean,0.022383709,0.636905447
LUFNEG_clean,0.029083404,0.398958809
lvt+N174+E27_charge,0.226279004,0.10724563
MEHMET,0.008985907,0.00313377
MgMOF74,0,0
MIL-160-Al,1.859781822,1.015360534
MIL-96-Al,1.767917848,1.639985832
MUGXIX_clean,0.020495893,1.138821239
NAWKII_clean,0.016923378,0.700061797
NEYZAU_clean,0.013829985,0.931234478
NOCKOG_clean,0.048870915,0.185876717
NOCKUM_clean,0.021665088,0.214534897
NOCLUN_clean,0.00736447,0.113814746
NOSTUM_clean,0.052551552,0.387515326
NOSTUM01_clean,0.056973227,0.362059422
OCACUR_clean,0.027244184,0.230157173
ONIXOZ,0.000533831,0.027092187
ORIWET,0.00752478,0.047683544
OSAVEK_clean,0.019324309,0.016844492
OSAVUA_clean,0.008632804,0.190476234
OSAWEL_clean,0.00923241,0.421611306
OZAVES_clean,0.038557114,0.070545102
PACYAW_clean,0.001037175,0.005088226
PARHAS_clean,0.113150832,0.021778385
PEQRUZ_clean,0.028824164,0.021093167
PITYUN,0.027245007,0.019635047
POMSOB_clean,0.034681282,0.219207374
PUZKUS_clean,0.024982559,0.100247943
QIWFIN01,0.029705819,0.046281832
RASKIH_clean,0.009792807,0.140026623
REJLEY_clean,0.018603488,0.00508269
REYPIW_clean,0.002518896,0.001874712
RIPKEH,0.092990828,0.032159858
RSM0011,0.028409528,0.123762629
RSM0016,0.058943832,0.065491942
RSM0022,0.042714794,0.019753557
RSM0042,0.075905747,0.033933536
RSM0047,0.059370411,0.047066206
RSM0055,0.036051143,0.00965525
RSM0056,0.083606797,0.007084032
RSM0059,0.028971831,0.003560495
RSM0068,0.196275049,0.148168057
RSM0079,0.047423333,0.021674876
RSM0081,0.005809132,0.024578312
RSM0086,0.034990568,0.023704104
RSM0096,0.028609571,0.017195945
RSM0097,0.025959677,0.076455197
RSM0107,0.128586432,0.066546132
RSM0109,0.000877733,0.001594243
RSM0118,0.099793369,0.050751765
RSM0136,0.080517043,0.056961277
RSM0145,0.037423588,0.054638799
RSM0148,0.019406205,0.014161327
RSM0151,0.03398838,0.033683485
RSM0158,0.026817603,0.015711726
RSM0171,0.017665473,0.07007274
RSM0172,0.069210578,0.05884711
RSM0175,0.006235979,0.025955839
RSM0177,0.027814828,0.048311317
RSM0191,0.021051824,0.565501866
RSM0195,0.003934961,0.005534927
RSM0199,0.03842824,0.76803443
RSM0202,0.02059882,0.04142702
RSM0220,1.705025583,0.893032921
RSM0226,0.016477096,0.025255093
RSM0227,0.048306609,0.03984221
RSM0228,0.068123312,0.026382617
RSM0229,0.012336861,0.264995834
RSM0230,0.012529793,0.073976714
RSM0234,0.006908771,0.045990964
RSM0235,0.153350421,0.186301638
RSM0239,0.008765393,0.027647733
RSM0243,0.017313655,0.029952733
RSM0247,0.022599486,0.051201295
RSM0248,0.034566226,0.006092107
RSM0258,0.074225904,0.039191056
RSM0270,0.043265049,0.044388253
RSM0277,0.063654013,0.068929075
RSM0278,0.016002519,0.004448884
RSM0281,0.00312958,0.003232614
RSM0285,0.00163673,0.012744559
RSM0287,0.025372154,0.053548327
RSM0288,0.038610346,0.10632037
RSM0290,0.13550767,0.03622768
RSM0299,0.011876236,0.045058524
RSM0304,0.121289188,0.084575892
RSM0308,0.033158883,0.076294502
RSM0309,0.089862653,0.010863589
RSM0313,0.008251061,0.08184048
RSM0316,0.111171881,0.069573114
RSM0322,0.004190192,0.634420329
RSM0324,0.051850823,0.070346749
RSM0327,0.080153534,0.136111924
RSM0328,0.023395091,0.001119041
RSM0331,0.024531744,0.055375757
RSM0337,0.056726858,0.013077809
RSM0342,0.059527016,0.065022191
RSM0366,0.0236943,0.035452473
RSM0369,0.016283018,0.044352786
RSM0372,0.01728022,0.010574384
RSM0386,0.07066947,0.005587045
RSM0398,0.021493419,0.231674275
RSM0400,0.02320329,0.072679662
RSM0402,0.018596781,0.01214322
RSM0418,0.025656348,0.044578115
RSM0423,0.013420436,0.037028393
RSM0424,0.016501513,0.048607281
RSM0426,0.049494964,0.118868567
RSM0429,0.007212171,0.045467615
RSM0431,0.029769341,0.019278771
RSM0433,0.005485889,0.032816731
RSM0439,0.027521445,0.065206386
RSM0441,0.009627082,0.000653588
RSM0444,0.004981655,0.007086327
RSM0445,0.023183641,0.061239519
RSM0453,0.02106545,0.006367119
RSM0454,0.002091731,0.01205205
RSM0455,0.010424109,0.027534695
RSM0457,0.022133712,0.126078782
RSM0458,0.004333954,0.017815584
RSM0460,0.019035564,0.021766212
RSM0462,0.279662628,2.643520468
RSM0464,0.033115982,0.133843741
RSM0473,0.019293081,0.043897757
RSM0478,0.023514803,0.024673158
RSM0486,0.162375698,0.012823844
RSM0488,0.022611889,0.020136288
RSM0492,0.022784552,0.007786525
RSM0493,0.0400741,0.015903388
RSM0494,0.001349477,0.00909543
RSM0496,0.000816653,0.026015319
RSM0497,0.016180138,0.159171425
RSM0498,0.015733843,0.590717374
RSM0505,0.081171138,0.024676816
RSM0508,0.049798941,0.084172405
RSM0516,1.941591627,0.930005091
RSM0532,0.026554657,0.147829545
RSM0534,0.088414892,0.067631875
RSM0537,0.054679432,0.023443995
RSM0544,0.051440504,0.186166666
RSM0545,0.004681182,0.114895345
RSM0549,0.020826469,0.104141818
RSM0551,0.059299466,0.011664687
RSM0557,0.029831918,0.004944
RSM0568,0.002754483,0.012166021
RSM0572,0.025155105,0.039917827
RSM0573,0.02808348,0.077128016
RSM0576,0.022630503,0.051299929
RSM0583,0.091242905,0.042491762
RSM0588,0.019585043,0.000603106
RSM0594,0.019254298,0.175360792
RSM0602,0.028311927,0.010126252
RSM0604,0.030413343,0.024686426
RSM0622,0.015142354,0.031096478
RSM0624,0.038701708,0.027094489
RSM0628,0.019092375,0.035165528
RSM0631,0.022321337,0.028416986
RSM0632,0.052293085,0.077077217
RSM0633,0.064459495,0.021013844
RSM0634,0.029842093,0.046037168
RSM0637,0.034766384,0.046522392
RSM0641,0.042816196,0.056853848
RSM0644,0.001971597,0.005151351
RSM0645,0.024189557,0.010637004
RSM0647,0.024707454,0.029729852
RSM0656,0.031080079,0.048752859
RSM0658,0.026371959,0.392920723
RSM0662,0.076713551,0.056768809
RSM0663,0.018486277,1.666768239
RSM0664,0.008093182,0.003985426
RSM0666,0.011017205,1.596538783
RSM0674,0.03615314,0.020617539
RSM0676,0.01679184,0.022141268
RSM0682,0.088380458,0.05693495
RSM0686,0.014604395,0.015653172
RSM0699,0.036392791,0.012483615
RSM0700,0.009538972,0.001677689
RSM0706,0.037073225,0.045442158
RSM0716,0.004177161,0.22748011
RSM0718,0.044833068,0.007012178
RSM0724,0.047609057,0.073294096
RSM0728,0.006530873,7.74E-05
RSM0740,0.049659772,0.054914001
RSM0748,0.011372062,0.033192921
RSM0752,0.008815658,0.023141412
RSM0753,0.14141859,0.131273387
RSM0760,0.005571857,0.045379986
RSM0765,0.033601497,0.018697663
RSM0782,0.006508537,0.04142062
RSM0783,0.007960212,0.002587264
RSM0788,0.012291749,0.030197634
RSM0789,0.029213536,0.022081666
RSM0794,0.040490849,0.049746152
RSM0795,0.075832644,0.16948403
RSM0796,0.058283599,0.038985078
RSM0811,0.006318275,0.002663987
RSM0816,0.031253807,0.061670784
RSM0820,0.001064854,0.044718695
RSM0825,0.014003932,0.005132776
RSM0830,0.051395305,0.001664196
RSM0841,0.090462829,1.157367928
RSM0844,0.016312118,0.042793913
RSM0848,0.060775171,0.030423996
RSM0850,0.012461574,1.180733366
RSM0851,0.016577734,0.101547252
RSM0853,0.055347438,0.011297927
RSM0858,0.046423813,0.001478632
RSM0860,0.00030599,0.086443741
RSM0862,0.056466115,0.013643103
RSM0871,0.008825948,0.061864202
RSM0881,0.010717207,0.075049737
RSM0888,0.056100907,0.078463556
RSM0892,0.022416253,0.016291716
RSM0895,0.057774177,0.01442438
RSM0903,0.001448603,0.025790932
RSM0904,0.018765335,0.0983274
RSM0913,0.029897515,0.085676605
RSM0915,0.056277962,0.036034661
RSM0919,0.003888459,0.026629267
RSM0921,0.009471319,0.005973658
RSM0937,0.041539379,0.043035944
RSM0938,0.003961244,0.024122716
RSM0946,0.042182413,0.026983996
RSM0953,0.054323706,0.13550088
RSM0956,0.014376275,0.032201295
RSM0962,0.001097438,0.018193788
RSM0964,0.005560469,0.009666181
RSM0966,0.053466638,0.010129975
RSM0969,0.043665723,0.028692505
RSM0975,0.00367501,0.044639038
RSM0981,0.007209525,0.007748015
RSM0996,0.040234093,0.003343282
RSM1002,0.031202979,0.053647351
RSM1005,0.034848752,0.006619264
RSM1007,0.01778032,0.027973038
RSM1019,0.038119176,0.01857424
RSM1026,0.056045208,0.058810686
RSM1028,0.055595837,0.055583209
RSM1030,0.004338528,0.030373619
RSM1035,0.00587533,0.004215409
RSM1050,0.039805446,0.030411699
RSM1053,0.019852689,0.048060932
RSM1055,0.053628855,0.024462116
RSM1056,0.00600132,0.01769573
RSM1064,0.030652234,0.075483809
RSM1066,0.036464512,0.148499685
RSM1069,0.020201552,0.016910278
RSM1072,0.054253699,0.036139997
RSM1074,0.038660813,0.020389706
RSM1075,0.022532516,0.003792483
RSM1078,0.004665676,0.03567524
RSM1080,0.001192835,0.003244153
RSM1084,0.024218811,0.036835678
RSM1089,0.058508483,0.011052621
RSM1094,0.042968462,0.029345154
RSM1096,0.008028362,0.032934438
RSM1107,0.017529998,0.029895174
RSM1110,0.022371048,0.039736369
RSM1112,0.024096534,0.030282656
RSM1114,0.01630098,0.172404367
RSM1121,0.031216579,0.028696384
RSM1124,0.00914454,0.018832889
RSM1135,0.001503965,0.001332016
RSM1140,0.00947633,0.016268944
RSM1141,0.021325132,0.009410995
RSM1142,0.002244276,0.031485987
RSM1146,0.017716542,0.03695255
RSM1149,0.0169884,0.012444806
RSM1150,0.040054174,0.005191475
RSM1158,0.053821083,0.023910329
RSM1167,0.001276714,0.023027898
RSM1171,0.016010595,0.042078456
RSM1173,0.016721127,1.46E-05
RSM1185,0.034864024,0.004809155
RSM1195,0.02093632,0.022167303
RSM1197,0.002537922,0.013090963
RSM1207,0.028575348,0.013796165
RSM1213,0.014066057,0.013783403
RSM1214,0.02035927,0.026609892
RSM1215,0.010443684,0.021077614
RSM1216,0.058309082,0.015627613
RSM1223,0.053631691,0.166384827
RSM1226,0.007432959,0.009627377
RSM1227,0.000339809,0.015498338
RSM1232,0.040351083,0.080949292
RSM1233,0.04792298,0.174154359
RSM1235,0.011211637,0.017557856
RSM1238,0.01841931,0.008367645
RSM1245,0.054037111,0.061811128
RSM1250,0.002048988,0.020738784
RSM1253,0.020736165,0.000511479
RSM1254,0.021448564,0.027078639
RSM1255,0.000334896,0.047935319
RSM1260,0.209881931,1.044054906
RSM1265,0.013496484,0.017170804
RSM1269,0.025165791,0.015387145
RSM1271,0.013608525,0.011753738
RSM1274,0.044732489,0.041549412
RSM1276,0.01067858,0.001825718
RSM1279,0.066788571,0.001943396
RSM1284,0.000536369,0.009103057
RSM1291,0.00183766,0.017422726
RSM1301,0.022617736,0.127923549
RSM1306,0.053457512,0.010093864
RSM1315,0.003083755,0.00372533
RSM1320,0.011669169,7.01E-05
RSM1327,0.038592177,0.015097771
RSM1333,0.056006755,0.056179146
RSM1336,0.010847765,0.025403821
RSM1339,0.050278564,0.724504161
RSM1344,0.025881643,0.022239131
RSM1351,0.003330114,0.676346865
RSM1352,0.057701956,0.04622992
RSM1361,0.269387265,0.67718885
RSM1362,0.013411048,0.732206345
RSM1371,0.012253325,0.033369357
RSM1374,0.006221634,0.008945269
RSM1382,0.005382495,0.267667233
RSM1386,0.01195514,0.041446704
RSM1389,0.015048902,0.009865397
RSM1391,0.036528044,0.001238702
RSM1404,0.001340177,0.00697847
RSM1418,0.013453231,0.010106357
RSM1427,0.014497764,0.02889385
RSM1431,0.030958367,0.003743095
RSM1460,0.005367289,0.043915518
RSM1461,0.014851126,0.007268262
RSM1469,0.069157297,0.002203326
RSM1479,0.02351471,0.021284377
RSM1481,0.016590805,0.034643081
RSM1488,0.036818808,0.042568522
RSM1489,0.015596166,0.030107321
RSM1498,0.024018591,0.026073329
RSM1501,0.009673132,0.017171652
RSM1509,0.000826939,0.0096813
RSM1516,0.010871178,0.011345184
RSM1521,0.050992087,0.02667758
RSM1536,0.027551937,0.000641305
RSM1541,0.057248635,0.051738826
RSM1542,0.016823353,0.025720866
RSM1559,0.039262054,0.005458788
RSM1564,0.020790974,0.070208171
RSM1568,0.000504134,0.045246672
RSM1576,0.024170174,0.027201606
RSM1577,0.009523576,0.031189732
RSM1579,0.048092969,0.013476158
RSM1585,0.039452738,0.310445174
RSM1586,0.018774701,0.017650204
RSM1600,0.048088802,0.056506758
RSM1603,0.044421886,0.038422528
RSM1609,0.063210435,0.022258881
RSM1611,0.031034329,0.018221639
RSM1614,0.001741166,0.002271622
RSM1619,0.017528738,0.059563876
RSM1627,0.014254023,0.008277607
RSM1630,0.042495562,0.03584635
RSM1635,0.006445219,0.038264839
RSM1638,0.031168304,0.005534347
RSM1639,0.003390714,0.049457214
RSM1640,0.016803523,0.020924084
RSM1644,0.115285142,0.248789176
RSM1647,0.043361718,0.000252712
RSM1654,0.00085797,0.06711342
RSM1657,0.020661503,0.020530878
RSM1663,0.021338189,0.101324368
RSM1676,0.01163918,0.026162021
RSM1677,0.039496917,0.042093812
RSM1681,0.015303687,0.028262956
RSM1683,0.04672371,0.133976629
RSM1686,0.065678879,0.078581225
RSM1694,0.050303892,0.093698338
RSM1710,0.00480374,0.007497742
RSM1718,0.00285611,0.011857817
RSM1724,0.060427231,0.045552513
RSM1728,0.073960042,0.014463939
RSM1734,0.035204171,0.189159029
RSM1738,0.042698534,0.047966015
RSM1742,0.001486793,0.010973606
RSM1745,0.056950377,0.051249158
RSM1762,0.003932273,0.012647428
RSM1768,0.001889544,0.052877142
RSM1769,0.058889599,0.038127488
RSM1774,0.011229614,0.03159297
RSM1787,0.009041841,0.020989549
RSM1788,0.0144817,0.012250686
RSM1795,0.002812471,0.001000594
RSM1797,0.015464474,0.0010597
RSM1799,0.001636362,0.202199938
RSM1804,0.010031819,0.035974466
RSM1812,0.012339438,0.031829778
RSM1814,0.038313106,0.042768052
RSM1817,0.005910815,0.025627786
RSM1818,0.069967676,0.035276904
RSM1829,0.007829492,0.025842226
RSM1840,0.022680061,0.04728787
RSM1847,0.023707542,0.016757715
RSM1848,0.010780283,0.012021702
RSM1870,0.031257957,0.003455238
RSM1877,0.00156209,0.02735613
RSM1886,0.02118893,0.062775638
RSM1889,0.010223091,0.089962568
RSM1890,0.038204945,0.007219655
RSM1911,0.017394228,0.161670086
RSM1916,0.054591936,0.01476543
RSM1926,0.025961566,0.00824101
RSM1927,0.021054783,0.034320717
RSM1930,0.037201803,0.020558294
RSM1935,0.002470543,0.006864477
RSM1946,0.027214526,0.027038261
RSM1970,0.013357242,0.015423407
RSM1974,0.025518473,0.012453366
RSM1976,0.003034833,0.001389147
RSM1978,0.01550392,0.096341324
RSM1979,0.014035232,0.005663366
RSM1982,0.029029444,0.023711218
RSM1984,0.000284482,0.030497129
RSM1987,0.012289011,0.016788959
RSM1993,0.029554064,0.012781789
RSM2002,0.018210785,0.346087559
RSM2006,0.024050956,0.018753152
RSM2008,0.003865795,0.005733059
RSM2009,0.073909336,0.067486947
RSM2012,0.035074093,0.059022181
RSM2021,0.022014081,0.020133576
RSM2026,0.008889708,0.022096505
RSM2032,0.024295603,0.016849407
RSM2036,0.046225956,0.048002739
RSM2037,0.012144059,0.008384257
RSM2038,0.036479577,0.004279076
RSM2044,0.011437559,0.008750604
RSM2047,0.029470344,0.011915089
RSM2058,0.012014151,0.006209178
RSM2062,0.030357966,0.007762065
RSM2075,0.012316215,0.025090809
RSM2076,0.013548289,0.023102391
RSM2080,0.0142545,0.111616129
RSM2082,0.017297256,0.122325418
RSM2087,0.025161904,0.00503264
RSM2106,0.057462609,0.003143927
RSM2113,0.022513888,0.002262645
RSM2114,0.543331099,0.982243988
RSM2137,0.020694983,0.052228702
RSM2145,0.011326635,0.00047509
RSM2156,0.010583545,0.011721802
RSM2160,0.029061632,0.020887228
RSM2164,0.016949655,0.033070271
RSM2167,0.054736505,0.014879803
RSM2175,0.017588764,0.011785826
RSM2176,0.006634926,0.039072602
RSM2182,0.012411984,0.056509137
RSM2201,0.030851214,0.00295352
RSM2202,0.002335045,0.072900415
RSM2207,0.004772153,0.036244124
RSM2218,0.010417804,0.041284587
RSM2224,0.03713398,0.025695576
RSM2235,0.046397016,0.203497412
RSM2238,0.005465674,0.046358671
RSM2241,0.029421766,0.139051302
RSM2247,0.041861759,0.020624656
RSM2250,0.011484085,0.002402854
RSM2251,0.066426391,0.037919668
RSM2254,0.035746914,0.018064696
RSM2257,0.017187155,0.301615857
RSM2270,0.004755382,0.009676183
RSM2277,0.021177271,0.024480023
RSM2282,0.025307626,0.014000209
RSM2283,0.001096175,0.016062617
RSM2288,0.023393526,0.001356914
RSM2297,0.001163303,0.042826964
RSM2305,0.049661682,0.010654077
RSM2317,0.02568899,0.022571938
RSM2333,0.002714667,0.056321565
RSM2337,0.028970431,0.001680981
RSM2339,0.269413629,1.315281187
RSM2343,0.003502756,0.005686672
RSM2347,0.007217782,0.018515301
RSM2357,0.023272037,0.033710851
RSM2360,0.102448411,0.030391537
RSM2366,0.017747007,0.01457971
RSM2369,0.02078586,0.035412832
RSM2378,0.0015533,0.023118129
RSM2388,0.024274418,0.015159181
RSM2400,0.050576425,0.022217411
RSM2401,0.006735654,0.158476347
RSM2422,0.050956721,0.046416203
RSM2423,0.004835432,0.02813688
RSM2424,0.000188273,0.029411459
RSM2425,0.02252465,0.014411202
RSM2428,0.007042775,0.00792451
RSM2430,0.021582693,0.002923954
RSM2434,0.003342737,0.003084896
RSM2454,0.009844772,0.00073177
RSM2459,0.025836017,0.072283928
RSM2467,0.044206054,0.027536166
RSM2469,0.017450716,0.010036363
RSM2476,0.020211835,0.024711078
RSM2477,0.044352042,0.087195224
RSM2481,0.037214578,0.203999392
RSM2492,0.007401241,0.068415846
RSM2497,0.026813011,0.006740019
RSM2509,0.005935454,0.078654684
RSM2513,0.03411286,0.008543168
RSM2514,0.001984128,0.020517105
RSM2517,0.065238963,0.004249116
RSM2518,0.042953744,0.007006671
RSM2523,0.018406907,0.006473647
RSM2529,0.052277827,0.032690449
RSM2531,0.055170516,0.028803075
RSM2573,0.001287358,0.034038129
RSM2581,0.049713181,0.05158453
RSM2615,0.008334979,0.003317933
RSM2620,0.016011739,0.018592602
RSM2622,0.023123904,0.042494962
RSM2629,0.038197489,0.158706621
RSM2631,0.002766311,0.05851609
RSM2636,0.002201683,0.05401507
RSM2655,0.043202431,0.003057569
RSM2666,0.009789606,0.018168929
RSM2681,0.013177865,0.010249061
RSM2682,0.007826431,0.014305914
RSM2700,0.049442635,0.331570949
RSM2702,0.023568134,0.035578854
RSM2706,1.789348183,1.02514952
RSM2712,0.041703606,0.017140889
RSM2713,0.015018714,0.021043268
RSM2721,0.011334442,0.065392057
RSM2722,0.05871415,0.085345678
RSM2724,0.011840039,0.772798281
RSM2728,0.002087148,0.02507031
RSM2729,0.015139319,0.015360874
RSM2738,0.016487749,0.001163058
RSM2742,0.041551259,0.015313793
RSM2752,0.021478488,0.022245086
RSM2754,0.022910933,0.002828897
RSM2759,0.007937796,0.023768848
RSM2771,0.076801505,0.363786815
RSM2772,0.081061913,0.386390937
RSM2774,0.042292129,0.03426925
RSM2783,0.042140865,0.006422166
RSM2785,0.013295811,0.041334838
RSM2789,0.000517161,0.013023322
RSM2800,0.013540244,0.01991923
RSM2808,0.01370977,0.010719615
RSM2817,0.040753958,0.041047823
RSM2818,0.006744446,0.006850065
RSM2819,0.022373269,0.00423761
RSM2826,0.009866322,0.042173243
RSM2827,0.032111566,0.01424323
RSM2831,0.017976556,0.007218193
RSM2836,0.010065823,0.045801031
RSM2839,0.003805781,0.011691289
RSM2842,0.009933437,0.005987101
RSM2843,0.008292925,0.20137214
RSM2845,0.000791166,0.022202689
RSM2850,0.008290257,0.104223989
RSM2852,0.008732398,0.025788042
RSM2861,0.004698225,0.042355843
RSM2873,0.043058223,0.055266853
RSM2879,0.022273254,0.003938893
RSM2882,0.022873005,0.03688901
RSM2891,0.003919551,0.161875101
RSM2895,0.009101493,0.020248771
RSM2896,0.003362911,0.054012474
RSM2898,0.021269973,0.007857369
RSM2904,0.079179843,0.180635673
RSM2905,0.002642137,0.008385901
RSM2910,0.017567357,0.001797734
RSM2922,0.042789918,0.074888875
RSM2924,0.040474765,0.011107043
RSM2929,0.01559483,0.015673936
RSM2943,0.082781433,0.024476384
RSM2950,0.021782008,0.030616299
RSM2953,0.043649828,0.075330689
RSM2958,0.039799248,0.014323782
RSM2965,0.017285225,0.007615044
RSM2966,0.019445352,0.021984813
RSM2972,0.028107515,0.002981721
RSM2975,0.019023745,0.014315763
RSM2981,0.002156069,0.013461444
RSM2982,0.04624484,0.015456263
RSM2985,0.024278764,0.003526799
RSM2992,0.005590219,0.031613561
RSM2998,0.012965141,0.029578154
RSM3003,0.001951906,0.000459467
RSM3007,0.006699824,0.004974386
RSM3012,0.034876737,0.078601285
RSM3013,0.009730695,0.006259078
RSM3015,0.011753862,0.028413512
RSM3019,0.046096016,0.002788273
RSM3032,0.091813214,0.083168371
RSM3040,0.014868589,0.004438706
RSM3044,0.011393606,0.00840879
RSM3062,0.036086331,0.00397377
RSM3065,0.071845673,0.115471613
RSM3076,0.003076904,0.001569402
RSM3083,0.02065207,0.139603839
RSM3084,0.074680369,0.149990552
RSM3092,0.030063894,0.000112766
RSM3110,0.004870959,0.148636861
RSM3120,0.296440841,0.752569768
RSM3126,0.002138694,0.013165395
RSM3130,0.028459363,0.006432811
RSM3145,0.004564912,0.038860145
RSM3148,0.004998919,0.027408036
RSM3150,0.000736094,0.051147696
RSM3159,0.006653187,0.007274293
RSM3169,0.074842988,0.068952935
RSM3176,0.009511435,0.014821999
RSM3180,0.025120909,0.034503092
RSM3195,0.007533833,0.074941017
RSM3200,0.002093265,0.041908245
RSM3205,0.030650841,0.056672622
RSM3206,0.003596205,3.78E-05
RSM3213,0.013784088,0.028910554
RSM3217,0.007608193,0.026599969
RSM3226,0.013858423,0.009199921
RSM3256,0.017908669,0.000141738
RSM3265,0.005954876,0.005914474
RSM3266,0.006525182,0.004387527
RSM3273,0.012160897,0.009378455
RSM3275,0.015382472,0.306203412
RSM3284,0.005412087,0.011046924
RSM3286,0.021959749,0.004777217
RSM3287,0.018721935,0.000668082
RSM3305,0.002101588,0.007086436
RSM3317,0.039330739,0.194043694
RSM3320,0.000838871,0.011771758
RSM3323,0.019700624,0.011165528
RSM3324,0.003232156,0.070540858
RSM3334,0.001508024,0.00515892
RSM3337,0.00455511,0.009386029
RSM3341,0.018551273,0.009789759
RSM3355,0.024377233,0.006477465
RSM3363,0.001032749,0.021960877
RSM3364,0.049631757,0.018874497
RSM3369,0.017768191,0.027537207
RSM3372,0.020083731,0.058363467
RSM3373,0.002467922,0.006847485
RSM3388,0.010929377,0.014365732
RSM3391,0.01807242,0.005971318
RSM3396,0.011097455,0.02185848
RSM3399,0.031155545,0.001315004
RSM3405,0.010164469,0.0018212
RSM3407,0.005268323,0.013720235
RSM3408,0.023452336,0.011451174
RSM3410,0.015578388,0.015843233
RSM3415,0.015388942,0.033864383
RSM3416,0.023309116,0.037887467
RSM3419,0.011217277,0.005825568
RSM3420,0.035367038,0.00093349
RSM3423,0.017542807,0.015307824
RSM3426,0.007742648,0.00181052
RSM3438,0.006924377,0.017828604
RSM3442,0.029282315,0.017651257
RSM3455,0.023666561,0.000758164
RSM3457,0.025469726,0.001587508
RSM3461,0.001492698,0.01270765
RSM3468,0.017258179,0.057588456
RSM3469,0.007603373,0.00371028
RSM3474,0.059404183,0.091967499
RSM3478,0.010315387,0.001333892
RSM3481,0.01430892,0.023977861
RSM3485,0.007158765,0.001835436
RSM3497,0.014678954,0.005852442
RSM3517,0.002577968,0.02190221
RSM3545,0.015709381,0.005843336
RSM3546,0.014899723,0.029217031
RSM3548,0.028313326,0.006886007
RSM3554,0.006742091,0.008939539
RSM3565,0.008100208,0.044580413
RSM3582,0.022322196,0.000131204
RSM3594,0.037319192,0.03709054
RSM3596,0.013422053,0.01338356
RSM3604,0.01560445,0.031845222
RSM3610,0.005302264,0.045697146
RSM3616,0.037389101,0.029651942
RSM3629,0.033711745,0.165831426
RSM3630,0.021613576,0.00088644
RSM3657,0.028579527,0.013661416
RSM3683,0.033417259,0.003024655
RSM3692,0.066636455,0.011445275
RSM3704,0.027990776,0.012682838
RSM3705,0.004050395,0.001053549
RSM3706,0.056894772,0.045813484
RSM3715,0.015720125,0.069660303
RSM3728,0.021754348,0.089456597
RSM3735,0.015631998,0.006256095
RSM3749,0.021985249,0.001737603
RSM3754,0.040138766,0.000231611
RSM3760,0.07763063,0.033505625
RSM3761,0.041051391,0.052753725
RSM3765,0.044737119,0.012622422
RSM3766,0.019406942,0.0087414
RSM3770,0.008002865,0.018134292
RSM3775,0.022975535,0.000733513
RSM3784,0.026862775,0.000358552
RSM3793,0.007110668,0.003112616
RSM3796,0.009746151,0.000657831
RSM3799,0.031669136,0.026254024
RSM3801,0.131846221,0.203330358
RSM3812,0.00511156,0.010102272
RSM3820,0.047361142,0.129243755
RSM3823,0.02700793,0.011139053
RSM3830,0.026729906,0.023641254
RSM3834,0.021161076,0.003432283
RSM3843,0.073669802,0.014763818
RSM3845,0.036688037,0.012744373
RSM3846,0.001158022,0.037753729
RSM3849,0.03211759,0.02140701
RSM3850,0.031904322,0.007916332
RSM3860,0.031467891,0.050691744
RSM3864,0.029788358,0.03588476
RSM3865,0.081759109,0.024738683
RSM3875,0.001378729,0.002676709
RSM3889,0.021442053,0.002910643
RSM3891,1.445258009,0.762197927
RSM3898,0.004390719,0.21439112
RSM3905,0.025502896,0.033362584
RSM3908,0.005074282,0.015254725
RSM3912,0.024580227,0.032069715
RSM3918,0.009490195,0.013368634
RSM3966,0.006180506,0.010059183
RSM3971,0.011999234,0.018549847
RSM3985,0.002445344,0.028488404
RSM3992,0.000250959,0.00736343
RSM3993,0.006060485,0.002504572
RSM3997,0.0106151,0.003889511
RSM4006,0.034836315,0.037212477
RSM4009,0.019558858,0.01538839
RSM4015,0.003338938,0.006476285
RSM4021,0.018847851,0.021530311
RSM4023,0.001250784,0.002354134
RSM4030,0.010212046,0.033930152
RSM4038,0.039062818,0.025229724
RSM4040,0.039629383,0.009818545
RSM4054,0.012139512,0.008755387
RSM4062,0.014780276,0.04095491
RSM4063,0.056576424,0.032014672
RSM4068,0.019430785,0.020055911
RSM4072,0.013815327,0.023912438
RSM4079,0.027871439,0.018593927
RSM4082,0.001566537,0.005075069
RSM4092,0.00729167,0.02013156
RSM4098,0.040622256,0.01728285
RSM4109,0.010782691,0.032904412
RSM4117,0.021965317,0.006156411
RSM4119,4.72E-05,0.026574292
RSM4127,0.017088186,0.005603962
RSM4133,0.017271433,0.009726902
RSM4136,0.024388363,0.02760181
RSM4144,0.033648445,0.081755508
RSM4160,0.018380517,0.014150636
RSM4167,0.046316813,0.027949809
RSM4175,0.063089345,0.066767411
RSM4181,0.002615186,0.020289542
RSM4197,0.099556919,0.165908045
RSM4199,0.062281652,0.242320471
RSM4210,0.012367208,0.026914156
RSM4212,0.017600518,0.017687924
RSM4216,0.007123337,0.023357953
RSM4228,0.072024773,0.024645869
RSM4230,0.752617462,0.01154387
RSM4232,0.02407464,0.013635877
RSM4237,0.014012963,0.006795214
RSM4240,0.003322512,0.003430915
RSM4241,0.009900255,0.010164311
RSM4255,0.011477642,0.010346286
RSM4258,0.001465008,0.039700255
RSM4260,0.016617885,0.617529105
RSM4271,0.000910469,0.019598399
RSM4278,0.015801939,0.011442998
RSM4290,0.009154901,0.015574533
RSM4294,0.019327965,0.002644802
RSM4297,0.022873877,0.2049226
RSM4298,0.088754727,0.479630911
RSM4306,0.018498875,0.002770578
RSM4311,0.006155371,0.00353878
RSM4322,0.019573877,0.072043
RSM4327,0.00549488,0.002826707
RSM4338,0.005649312,0.021261173
RSM4356,0.013078808,0.088533135
RSM4357,0.02046926,0.018224165
RSM4362,0.119583692,0.18463713
RSM4364,0.039998918,0.026746074
RSM4370,0.025944068,0.012390955
RSM4380,0.061961419,0.02613817
RSM4385,0.017617848,0.013762053
RSM4397,0.012552723,0.002627929
RSM4412,0.023777708,0.016948746
RSM4419,0.003648276,0.008959449
RSM4456,0.011306713,0.009391171
RSM4457,0.007815991,0.012359509
RSM4460,0.002190447,0.00912111
RSM4464,0.029054314,0.034375469
RSM4480,0.034875594,0.005476474
RSM4489,0.018564602,0.088767612
RSM4490,0.02353078,0.00164383
RSM4491,0.047782772,0.007453175
RSM4506,0.028925226,0.104064728
RSM4509,0.030298979,0.008108041
RSM4517,0.044513742,0.009332763
RSM4548,0.079911079,0.212512508
RSM4556,0.0277682,0.004754778
RSM4560,0.001853904,0.010269433
RSM4564,0.051764918,0.071222642
RSM4565,0.06745322,1.138430221
RSM4579,0.011088333,0.022187623
RSM4599,0.062614329,0.071007041
RSM4602,0.069708708,0.011396461
RUBTAK,0.018749908,0.006670245
RUBTAK-NH2,0.03190384,0.001996888
RUPRUQ-NH2,0.005094491,0.00866064
RUSWIN_clean,0.026344103,1.168236497
RUVKAV,0.013464985,0.020566624
SAHYIK,0.023041473,0.025269833
scu+N169+N393_E219_charge,0.319941862,0.668698172
scu+N175+N271_E152_charge,0.893556408,0.67141879
scu+N462+N564_E48_charge,0.648744644,0.407930394
scu+N587+N46_E11_charge,0.510715196,0.598340971
scu+N78+N13_E159_charge,0.341971859,1.24174118
scu+N78+N705_E141_charge,0.529833882,0.534566695
SEQSOY_clean,0.055288958,0.40742891
SIQQEO_clean,0.020111787,0.018750786
str_m2_o1_o17_pcu_sym.129,0.007140932,0.005045489
str_m2_o1_o19_pcu_sym.61,0.066910751,0.025083915
str_m2_o1_o9_pcu_sym.185,0.013601368,0.015890777
str_m2_o10_o14_pcu_sym.22,0.047851254,0.579706911
str_m2_o10_o17_pcu_sym.90,0.018137831,0.037126483
str_m2_o10_o26_pcu_sym.188,0.012812694,0.014299033
str_m2_o10_o28_pcu_sym.57,0.017701753,0.009091533
str_m2_o10_o28_pcu_sym.58,0.035493462,0.279507333
str_m2_o10_o29_pcu_sym.103,0.052054245,0.055389838
str_m2_o10_o29_pcu_sym.141,0.031867302,0.01753316
str_m2_o10_o29_pcu_sym.17,0.027778275,0.006319706
str_m2_o10_o29_pcu_sym.177,0.00519325,0.021811949
str_m2_o10_o29_pcu_sym.193,0.005748967,0.017925434
str_m2_o10_o29_pcu_sym.233,0.01072134,0.050641214
str_m2_o10_o29_pcu_sym.238,0.019223752,0.003313879
str_m2_o10_o29_pcu_sym.38,0.053387526,0.552075594
str_m2_o10_o29_pcu_sym.64,0.022550489,0.010735986
str_m2_o10_o29_pcu_sym.82,0.036979559,0.020568365
str_m2_o10_o29_pcu_sym.84,0.015764546,0.044046313
str_m2_o13_o22_pcu_sym.93,0.006494657,0.029065788
str_m2_o14_o14_pcu_sym.48,0.01390219,0.005450105
str_m2_o14_o17_pcu_sym.222,0.025786118,0.001574516
str_m2_o14_o22_pcu_sym.121,0.008041072,0.002647605
str_m2_o14_o22_pcu_sym.239,0.04054434,0.005965487
str_m2_o14_o23_pcu_sym.139,0.035330602,0.010077277
str_m2_o16_o16_pcu_sym.177,0.032715715,0.009318282
str_m2_o38_o40_fof_sym.70,0.129188054,0.128230935
str_m2_o4_o9_pcu_sym.40,0.004426623,0.03589974
str_m2_o40_o40_fof_sym.19,0.01655897,0.020223046
str_m2_o40_o41_fof_sym.25,0.01725832,0.01795061
str_m2_o5_o29_pcu_sym.102,0.03340919,0.141638293
str_m2_o5_o29_pcu_sym.50,0.01067981,0.02388596
str_m2_o5_o29_pcu_sym.83,0.004150411,0.002304881
str_m2_o9_o14_pcu_sym.72,0.016590112,0.542859145
str_m2_o9_o18_pcu_sym.31,0.008000897,0.01885541
str_m2_o9_o19_pcu_sym.13,0.033142698,0.532244448
str_m2_o9_o19_pcu_sym.99,0.024015059,0.008555267
str_m3_o1_o12_pcu_sym.96,0.04568841,0.558791439
str_m3_o1_o22_pcu_sym.190,0.014302894,0.000606749
str_m3_o1_o6_pcu_sym.147,0.019834011,0.01981162
str_m3_o1_o9_pcu_sym.206,0.011727319,0.005535249
str_m3_o10_o14_pcu_sym.41,0.02824279,0.0211255
str_m3_o10_o14_pcu_sym.51,0.01452815,0.018701337
str_m3_o10_o15_pcu_sym.28,0.007490356,0.009180528
str_m3_o10_o15_pcu_sym.33,0.039548363,0.041901457
str_m3_o10_o16_pcu_sym.105,0.045947797,0.079797674
str_m3_o10_o16_pcu_sym.149,0.008880263,0.023874578
str_m3_o10_o16_pcu_sym.41,0.010745146,0.035632507
str_m3_o10_o17_pcu_sym.108,0.022047294,0.043598676
str_m3_o10_o17_pcu_sym.189,0.008003615,0.001727289
str_m3_o10_o18_pcu_sym.55,0.00761083,0.004795181
str_m3_o10_o28_pcu_sym.16,0.008973014,0.00819045
str_m3_o10_o28_pcu_sym.181,0.0608201,0.060526346
str_m3_o10_o28_pcu_sym.35,0.005787837,0.010331258
str_m3_o10_o28_pcu_sym.50,0.011729352,0.030978264
str_m3_o10_o28_pcu_sym.93,0.026343227,0.018288102
str_m3_o10_o29_pcu_sym.121,0.019500073,0.004995591
str_m3_o10_o29_pcu_sym.165,0.000526522,0.010379681
str_m3_o10_o29_pcu_sym.227,0.051594206,0.827991418
str_m3_o10_o29_pcu_sym.24,0.033784047,0.680109487
str_m3_o10_o29_pcu_sym.37,0.048258424,0.546602006
str_m3_o10_o29_pcu_sym.45,0.024093664,0.012634769
str_m3_o10_o29_pcu_sym.55,0.012130604,0.014280571
str_m3_o12_o13_pcu_sym.234,0.007121505,0.000279538
str_m3_o12_o15_pcu_sym.174,0.00872409,0.007591444
str_m3_o14_o14_pcu_sym.131,0.017165684,0.002564633
str_m3_o14_o16_pcu_sym.116,0.044345089,0.528433581
str_m3_o14_o16_pcu_sym.244,0.012244077,0.005220136
str_m3_o22_o22_pcu_sym.40,0.02132149,0.00140052
str_m3_o4_o16_pcu_sym.143,0.021935671,0.053269672
str_m3_o4_o17_pcu_sym.145,0.000875091,0.030586014
str_m3_o4_o22_pcu_sym.72,0.018617394,0.023832664
str_m3_o4_o5_pcu_sym.243,0.01309744,0.006642271
str_m3_o4_o9_pcu_sym.187,0.071698052,0.580506478
str_m3_o40_o40_fof_sym.44,0.021420271,0.287871543
str_m3_o40_o41_fof_sym.41,0.006309994,0.523497101
str_m3_o41_o41_fof_sym.27,0.013255331,0.338056689
str_m3_o5_o13_pcu_sym.93,0.027435802,0.005550669
str_m3_o5_o29_pcu_sym.76,0.008815266,0.005091761
str_m3_o5_o29_pcu_sym.79,0.006100927,0.019654908
str_m4_o1_o11_acs_sym.5,0.017751081,1.18124839
str_m4_o1_o14_acs_sym.10,0.021248217,0.971943011
str_m4_o1_o14_acs_sym.139,0.017773055,1.043104504
str_m4_o1_o14_acs_sym.44,0.02060526,1.267203368
str_m4_o1_o15_acs_sym.167,0.047366431,0.270508192
str_m4_o1_o15_acs_sym.172,0.217772377,1.920382402
str_m4_o1_o15_acs_sym.33,0.034151624,1.044127112
str_m4_o1_o22_acs_sym.155,0.011805714,0.966102582
str_m4_o1_o22_acs_sym.202,0.217472601,1.349242766
str_m4_o1_o22_acs_sym.203,0.013920265,0.262252886
str_m4_o1_o22_acs_sym.22,0.039881235,0.894766265
str_m4_o1_o22_acs_sym.73,0.022037521,0.330672891
str_m4_o1_o22_acs_sym.92,0.010724897,1.163077187
str_m4_o1_o24_acs_sym.131,0.00259391,0.332150779
str_m4_o1_o4_acs_sym.145,0.008429188,0.628686815
str_m4_o1_o4_acs_sym.170,0.021766487,0.808485571
str_m4_o1_o4_acs_sym.68,0.072711086,2.128970592
str_m4_o1_o4_acs_sym.81,0.151067566,3.441608697
str_m4_o11_o15_acs_sym.209,0.055319458,0.365441911
str_m4_o11_o22_acs_sym.172,0.014061728,0.785739168
str_m4_o11_o22_acs_sym.203,0.018815243,0.766091059
str_m4_o11_o22_acs_sym.225,0.026177506,0.274353115
str_m4_o11_o22_acs_sym.282,0.011970875,0.355906534
str_m4_o11_o22_acs_sym.57,0.004996948,0.914572277
str_m4_o12_o15_acs_sym.133,0.056239991,0.117716702
str_m4_o12_o15_acs_sym.171,0.03616415,1.302649192
str_m4_o12_o15_acs_sym.218,0.016436711,0.1691316
str_m4_o14_o14_acs_sym.115,0.011842567,1.122702745
str_m4_o14_o14_acs_sym.127,0.546306457,2.373227051
str_m4_o14_o14_acs_sym.41,0.091597916,1.015679036
str_m4_o14_o22_acs_sym.127,0.015568671,0.473153704
str_m4_o14_o22_acs_sym.54,0.011042804,0.432531328
str_m4_o14_o22_acs_sym.98,0.07738221,0.868585277
str_m4_o14_o24_acs_sym.190,0.002774146,1.508490276
str_m4_o17_o17_acs_sym.107,0.017597859,0.04458757
str_m4_o17_o17_acs_sym.124,0.07605087,0.731778072
str_m4_o17_o17_acs_sym.171,0.00107421,0.012284721
str_m4_o17_o17_acs_sym.22,0.066421574,0.07620343
str_m4_o17_o17_acs_sym.32,0.002463569,0.141230106
str_m4_o2_o17_acs_sym.99,0.040754856,0.041038419
str_m4_o22_o22_acs_sym.116,0.018926125,0.33107806
str_m4_o22_o22_acs_sym.26,0.011289219,0.29116666
str_m4_o22_o22_acs_sym.29,0.021559585,0.898418304
str_m4_o22_o22_acs_sym.73,0.033905839,0.556745153
str_m4_o22_o22_acs_sym.91,0.054620502,1.047354434
str_m4_o22_o22_acs_sym.97,0.005212901,0.24150739
str_m4_o22_o24_acs_sym.130,0.003101288,0.251534844
str_m4_o22_o24_acs_sym.2,0.00375393,0.314145701
str_m4_o22_o24_acs_sym.30,0.003432367,0.261468683
str_m4_o22_o24_acs_sym.66,0.012621557,0.281523845
str_m4_o22_o24_acs_sym.91,0.003231221,0.369951091
str_m4_o4_o11_acs_sym.161,0.078643339,1.411908445
str_m4_o4_o11_acs_sym.80,0.018346933,0.880272167
str_m4_o4_o14_acs_sym.127,0.019639298,0.801794673
str_m4_o4_o14_acs_sym.3,0.027962821,0.719332688
str_m4_o4_o15_acs_sym.13,0.007285139,0.655558845
str_m4_o4_o15_acs_sym.20,0.198851513,1.611203912
str_m4_o4_o22_acs_sym.111,0.012152075,0.574445918
str_m4_o4_o22_acs_sym.138,0.022656606,0.481989796
str_m4_o4_o22_acs_sym.167,0.018288785,1.068270738
str_m4_o4_o22_acs_sym.183,0.004757036,0.27691145
str_m4_o4_o4_acs_sym.127,0.000405205,0.39458368
str_m4_o4_o5_acs_sym.113,0.003006492,0.319653196
str_m4_o4_o5_acs_sym.136,0.021098981,0.259044205
str_m4_o4_o9_acs_sym.52,0.024657621,0.897876691
str_m4_o5_o14_acs_sym.104,0.008583959,0.308628147
str_m4_o5_o14_acs_sym.175,0.025591285,0.319095949
str_m4_o5_o24_acs_sym.154,0.006467624,0.314581353
str_m4_o5_o24_acs_sym.178,0.025486955,0.527038293
str_m4_o5_o24_acs_sym.220,0.02577184,0.413671966
str_m4_o7_o7_acs_sym.141,0.061388987,0.005551536
str_m5_o1_o16_sra_sym.18,0.005187535,0.003203456
str_m5_o1_o16_sra_sym.187,0.010627947,0.012477318
str_m5_o1_o16_sra_sym.67,0.001790692,0.001717408
str_m5_o1_o16_sra_sym.71,0.026040435,0.088475105
str_m5_o1_o16_sra_sym.97,0.011087076,0.033830453
str_m5_o1_o17_sra_sym.50,0.038573752,0.06971664
str_m5_o1_o17_sra_sym.58,0.032939828,0.036836336
str_m5_o1_o18_sra_sym.15,0.037549195,0.023391291
str_m5_o1_o18_sra_sym.27,0.006758373,0.003848174
str_m5_o1_o18_sra_sym.28,0.001569314,0.015075848
str_m5_o1_o18_sra_sym.33,0.012061887,0.02765552
str_m5_o1_o18_sra_sym.55,0.002225653,0.002192158
str_m5_o1_o18_sra_sym.61,0.005114272,0.026723413
str_m5_o1_o2_sra_sym.48,0.047270726,0.056362744
str_m5_o10_o29_sra_sym.117,0.043348617,0.085029222
str_m5_o10_o29_sra_sym.172,0.036106889,0.127007621
str_m5_o10_o29_sra_sym.189,0.013887737,0.018751749
str_m5_o10_o29_sra_sym.205,0.011199464,0.012883596
str_m5_o10_o29_sra_sym.31,0.014535442,0.005004735
str_m5_o10_o29_sra_sym.41,0.030177754,0.03561844
str_m5_o10_o29_sra_sym.5,0.03780757,0.052708536
str_m5_o10_o29_sra_sym.85,0.010028556,0.021912349
str_m5_o11_o16_sra_sym.124,0.00357598,0.004565959
str_m5_o11_o16_sra_sym.127,0.022888698,0.028701618
str_m5_o11_o16_sra_sym.128,0.009559694,0.012615566
str_m5_o11_o16_sra_sym.151,0.029872816,0.003483087
str_m5_o11_o16_sra_sym.162,0.012298,0.019939994
str_m5_o11_o16_sra_sym.174,0.014137111,0.02331784
str_m5_o11_o16_sra_sym.189,0.030310187,0.004676109
str_m5_o11_o16_sra_sym.4,0.019577391,0.002816632
str_m5_o11_o16_sra_sym.80,0.023958641,0.001546462
str_m5_o11_o16_sra_sym.83,0.034628162,0.045442933
str_m5_o11_o18_sra_sym.132,0.005976077,0.006927681
str_m5_o11_o18_sra_sym.137,0.000480718,0.005111282
str_m5_o11_o18_sra_sym.22,0.012921048,0.018360924
str_m5_o11_o18_sra_sym.57,0.007042115,0.013234347
str_m5_o11_o18_sra_sym.8,0.023127545,0.008760637
str_m5_o12_o18_sra_sym.99,0.010011717,0.534541098
str_m5_o13_o16_sra_sym.13,0.030606537,0.841093786
str_m5_o13_o16_sra_sym.45,0.01355723,0.010019287
str_m5_o13_o22_sra_sym.235,0.03115123,0.024115631
str_m5_o16_o16_sra_sym.3,0.007237498,0.005332395
str_m5_o16_o16_sra_sym.34,0.021262902,0.021548705
str_m5_o16_o16_sra_sym.37,0.009810689,0.007126542
str_m5_o16_o16_sra_sym.39,0.006754003,0.010802894
str_m5_o16_o16_sra_sym.43,0.013417324,0.000416088
str_m5_o16_o16_sra_sym.62,0.002996916,0.000915348
str_m5_o16_o16_sra_sym.77,0.012698562,0.000183323
str_m5_o16_o17_sra_sym.6,0.002642225,0.0655277
str_m5_o16_o19_sra_sym.15,0.005847471,0.009769861
str_m5_o16_o24_sra_sym.108,0.027636904,0.025378461
str_m5_o16_o24_sra_sym.92,0.024284288,0.028536419
str_m5_o17_o22_sra_sym.36,0.024392254,0.014829467
str_m5_o17_o22_sra_sym.44,0.046445255,0.006118087
str_m5_o18_o18_sra_sym.11,0.032520818,0.060673174
str_m5_o18_o18_sra_sym.23,0.010540049,0.043242919
str_m5_o18_o18_sra_sym.27,0.01122591,0.231318157
str_m5_o18_o18_sra_sym.38,0.010301085,0.000233181
str_m5_o18_o18_sra_sym.54,0.001377653,0.008267844
str_m5_o18_o18_sra_sym.57,0.025805237,0.01252729
str_m5_o18_o19_sra_sym.43,0.007722528,0.012860336
str_m5_o18_o19_sra_sym.88,0.015523223,0.010650504
str_m5_o18_o22_sra_sym.67,0.003778067,0.01415936
str_m5_o18_o24_sra_sym.80,0.004147988,0.000466855
str_m5_o18_o29_sra_sym.17,0.020187026,0.549998622
str_m5_o2_o17_sra_sym.25,0.028264543,0.074041585
str_m5_o2_o17_sra_sym.7,0.031188695,0.189896514
str_m5_o2_o19_sra_sym.116,0.013380236,0.010922705
str_m5_o2_o19_sra_sym.12,0.013387707,0.010987792
str_m5_o2_o19_sra_sym.141,0.017146593,0.000643632
str_m5_o2_o19_sra_sym.53,0.015677003,0.020414205
str_m5_o2_o19_sra_sym.7,0.014212756,0.027269977
str_m5_o2_o20_sra_sym.119,0.00886423,0.084183229
str_m5_o2_o25_sra_sym.67,0.024076797,0.035577287
str_m5_o25_o25_sra_sym.42,0.003174639,0.022591335
str_m5_o4_o16_sra_sym.35,0.008814267,0.00293273
str_m5_o4_o16_sra_sym.5,0.019116166,0.024421801
str_m5_o4_o16_sra_sym.60,0.043797908,0.025709088
str_m5_o4_o16_sra_sym.65,0.010026786,0.035358584
str_m5_o4_o16_sra_sym.66,0.019977321,0.011610873
str_m5_o4_o18_sra_sym.107,0.023943567,0.008182422
str_m5_o4_o24_sra_sym.100,0.01443058,0.030358439
str_m5_o4_o4_sra_sym.69,0.013084816,0.537201888
str_m5_o5_o16_sra_sym.88,0.005863793,0.023782633
str_m5_o5_o18_sra_sym.78,0.006294423,0.000893725
str_m6_o42_o47_etb_sym.114,0.029733349,0.016476637
str_m6_o42_o49_etb_sym.13,0.025490388,0.016498712
str_m6_o43_o48_etb_sym.93,0.001234234,0.615986607
str_m6_o46_o55_etb_sym.130,0.025024242,0.049796182
str_m6_o46_o55_etb_sym.75,0.003149383,0.055323778
str_m6_o46_o56_etb_sym.177,0.031901189,0.02522569
str_m6_o46_o56_etb_sym.5,0.023537076,0.019728199
str_m6_o46_o56_etb_sym.58,0.024032594,0.559623769
str_m6_o46_o57_etb_sym.19,0.010953492,0.015388395
str_m6_o46_o57_etb_sym.22,0.008052816,0.027802909
str_m6_o46_o57_etb_sym.3,0.014545938,0.483094511
str_m6_o47_o49_etb_sym.75,0.010836053,0.038294107
str_m6_o47_o55_etb_sym.65,0.013143892,0.013961319
str_m7_o10_o24_bcu_sym.128,0.002051248,0.012663503
str_m7_o10_o24_bcu_sym.56,0.019395482,0.017990977
SUKXUS01,0.012918022,0.008995075
SUNJIV_clean,0.02456115,0.818570882
SUNJOB_clean,0.014881215,0.775831391
tfz-d+N329+N196_E12_charge,0.803795348,0.82451787
tfz-d+N550+N63_E65_charge,0.799161827,0.714221334
TOXNEB_clean,0.045761529,0.075335599
TUKCOT_clean,0.00428644,0.493269754
UCUTIW_clean,0.002385188,0.011384107
UFUMUD,0.00106889,0.047584273
UIO66-NH2,0.034055986,0.093905363
UKUCAF_clean,0.006286949,0.006914517
UWOWAF_clean,0.0355556,0.228235018
v0_acs+N433+371,0.013311344,0.571266554
v0_ant+N442+202,0.001802746,1.134868741
v0_bcg+N131+132,0.401815955,1.22880257
v0_bcg+N131+136,0.123733161,0.958558195
v0_bcg+N131+142,0.000379864,0.385892592
v0_bcg+N131+156,0.062151812,0.466333217
v0_bcg+N131+170,0.02991265,0.421005545
v0_bcg+N131+288,0.027145889,0.471684094
v0_bcg+N131+49,0.452460534,1.220964137
v0+bcg+N131+345,0.014877434,0.69140389
v0+bcg+N131+726,0.048650374,0.400646369
v0+bcg+N131+733,0.037706275,0.563268113
v0+bcg+N131+823,0.046695847,0.436100567
v0+bcu+N131+1164,0.014854402,0.493865096
v0+bcu+N131+230,0.006994387,0.624070545
v0+bcu+N131+262,0.005198819,0.354622459
v0+bcu+N131+319,0.120224497,0.262991789
v0+bcu+N131+466,0.098371655,0.468228839
v0+bcu+N131+634,0.00856708,0.675273041
v0+bcu+N131+644,0.005085596,0.53257782
v0+bcu+N131+656,0.016153254,0.299898208
v0+bcu+N131+742,0.018542718,0.575812918
v0+crb+N520+1158,0.03492789,0.159172079
v0+csq+N131+1257,0.017174121,0.213330027
v0+csq+N131+186,0.045958263,0.409034372
v0+csq+N131+306,0.027617081,0.382573528
v0+dia+N520+1783,0.248376402,0.407584201
v0+dia+N520+459,0.090108397,0.770983572
v0+dmp+N32+664,0.046346179,0.285401894
v0+dmp+N520+1132,0.571300388,0.562723256
v0+dmp+N520+1157,0.018244763,0.605068669
v0+dmp+N520+1184,0.14144741,0.499338692
v0+dmp+N520+1193,0.214964804,0.422623706
v0+dmp+N520+1220,0.048592779,0.393597448
v0+dmp+N520+1237,0.086519108,0.47406164
v0+dmp+N520+1242,0.039514015,0.456425069
v0+dmp+N520+1278,0.095464834,0.408828035
v0+dmp+N520+1455,0.059559449,0.351785078
v0+dmp+N520+1482,0.190316738,0.25763716
v0+dmp+N520+1514,0.064159089,0.670720118
v0+dmp+N520+1515,0.093481521,0.238153299
v0+dmp+N520+1769,0.1598369,0.491378804
v0+dmp+N520+190,0.196315595,0.454014035
v0+dmp+N520+22,0.016327636,0.967296468
v0+dmp+N520+353,0.055051418,0.614184787
v0+dmp+N520+357,0.080215997,1.275825271
v0+dmp+N520+565,0.069864776,0.493126006
v0+dmp+N520+774,0.053164894,0.820637628
v0+dmp+N520+809,0.047585903,0.468902114
v0+dmp+N520+82,0.137380434,0.196624599
v0+dmp+N520+823,0.05196505,0.253314619
v0+dmp+N520+835,0.073857641,0.387984452
v0+dmp+N520+976,0.358877535,0.74154063
v0+dmp+N520+995,0.035063378,0.840045355
v0+eta+N245+345,0.052908523,0.912598423
v0+hex+N131+1910,0.004600838,0.308360783
v0+hex+N131+1956,0.109983443,0.249708489
v0+hex+N131+281,0.006323523,0.721273263
v0+hex+N131+654,0.152582298,1.386131576
v0+hex+N131+853,0.054229807,0.335184358
v0+hex+N131+935,0.042528646,0.766548995
v0+lcy+N442+173,0.026392504,1.178865883
v0+lcy+N442+22,0.295121239,2.168110732
v0+lon+N520+419,0.066506967,0.801387121
v0+qtz+N520+1111,0.346347178,0.503503441
v0+qtz+N520+364,0.080847808,0.34011465
v0+qtz+N520+68,0.009355234,0.421468991
v0+reo+N131+1008,0.219870384,0.165962118
v0+reo+N131+1229,0.192282848,0.307769528
v0+reo+N131+2364,0.060642418,0.246170114
v0+reo+N131+664,0.026049995,0.447304785
v0+reo+N131+720,0.07166915,0.551244958
v0+reo+N131+774,0.009288022,0.554871743
v0+reo+N131+957,0.041212957,0.349015963
v0+reo+N131+960,0.01702116,0.369668763
v0+rob+N173+3,0.050405145,0.213054522
v0+sab+N268+299,0.037630118,0.250133113
v0+scu+N131+247,0.075840207,0.750008189
v0+scu+N131+255,0.001585183,0.808629115
v0+scu+N131+296,0.097919459,0.469635183
v0+sod+N520+348,0.020566597,0.966357048
v0+sod+N520+834,0.242742245,0.339090417
v0+sra+N520+3,0.132967462,0.533970301
v0+tfz-d+N131+1081,0.073063161,0.324048026
v0+tfz-d+N131+1187,0.00672133,0.913978882
v0+tfz-d+N131+169,0.064580697,0.588695561
v0+tfz-d+N131+266,0.039115758,1.111165882
v0+tfz-d+N131+38,0.060574149,0.754809259
v0+tfz-d+N131+397,0.048538191,0.559029706
v0+tfz-d+N131+494,0.036157148,0.62420215
v0+tfz-d+N131+528,0.002494782,0.41906228
v0+tfz-d+N131+627,0.024728009,0.25251618
v0+unc+N520+10,0.17278614,0.644282473
v0+unc+N520+1601,0.188834057,0.354718813
v0+utk+N245+1349,0.047991564,0.77444033
v0+utp+N51+750,0.079833971,0.778532687
VEJYIT,0.015495451,0.003627463
VEJZIU,0.030525206,0.016662822
VIQQUJ_clean,0.015204129,0.060576736
VIYMAT_clean,0.000356433,0.166134856
VUQKAU_clean,0.016537629,0.278568911
VUQKAU01_clean,0.010965503,0.286548886
VUQKAU02_clean,0.029804334,0.295555656
WIZMAV,0.008686537,0.015311616
WOBQEL_clean,0.025372889,0.535236126
WOJZOM_clean,0.009879083,0.930190684
WURKEB_clean,0.04971865,0.208110926
XEBHOC,0.0263272,0.000594544
XINWUO_clean,0.009673988,0.207536438
XUKHUI_clean,0.03560222,1.155710057
XUPSAE,1.932652858,0.932781804
YIYHAQ_clean,0.016007837,0.842011608
YUCZOM_clean,0.026857459,0.547381447
ZEDZAL01_clean,0.025462581,1.23419176
Zeolite_13X,0.871735552,3.618178381
ZnTBAPy4,0.007734295,0.018256687
ZOMNUM_clean,0.009237515,1.01657567
