MOF,Molecule,Density [g/cm^3],POAVF [-],Cp [J/g.K],Round
691978,CO2,0.7924,0.5504,0.969,Original
010_bcg+N131+14_charge,CO2,0.8575,0.5814,0.8379,Original
014_dmp+N156+20_charge,CO2,1.1416,0.5032,0.7455,Original
022_dmp+N276+33_charge,CO2,0.9546,0.449,0.9283,Original
025_dmp+N520+36_charge,CO2,1.2038,0.4354,0.754,Original
027_dmp+N520+39_charge,CO2,0.9918,0.6254,0.6866,Original
030_dmp+N520+42_charge,CO2,0.5972,0.7821,0.6728,Original
036_bcu+N124+36_charge,CO2,1.8341,0.3018,0.6279,Original
041_dmp+N520+52_charge,CO2,1.4893,0.3536,0.6383,Original
045_dmp+N520+57_charge,CO2,1.3112,0.418,0.7215,Original
047_dmp+N520+61_charge,CO2,1.2457,0.4324,0.716,Original
048_dmp+N520+62_charge,CO2,0.7266,0.7023,0.7297,Original
050_dmp+N520+66_charge,CO2,1.1517,0.3572,0.8408,Original
054_dmp+N520+70_charge,CO2,1.2861,0.5888,0.4788,Original
061_dmp+N520+77_charge,CO2,0.8417,0.6473,0.7065,Original
063_crs+N324+79_charge,CO2,0.6631,0.7025,0.7263,Original
064_dmp+N520+81_charge,CO2,1.1619,0.4536,0.744,Original
074_dmp+N520+93_charge,CO2,1.2526,0.394,0.7507,Original
078_dmp+N520+20_charge,CO2,1.1624,0.4512,0.7683,Original
093_dmp+N520+79_charge,CO2,0.9937,0.5358,0.7669,Original
100_rob+N147+124_charge,CO2,0.8878,0.6161,0.7287,Original
102_dmp+N520+126_charge,CO2,1.4147,0.28,0.7265,Original
103_tfz-d+N586+128_charge,CO2,1.3659,0.3618,0.8044,Original
1075_bcg+N586+1035_charge,CO2,0.8248,0.6857,0.5625,Original
108_dmp+N520+14_charge,CO2,0.9171,0.5592,0.8178,Original
130_unc+N520+41_charge,CO2,1.5971,0.3062,0.7218,Original
1313_hex+N586+971_charge,CO2,1.2089,0.3111,0.8609,Original
1337_tfz-d+N586+1590_charge,CO2,0.8089,0.5445,0.9,Original
151_sxb+N250+183_charge,CO2,0.7368,0.6157,0.8151,Original
1565_utk+N245+427_charge,CO2,0.3562,0.8381,0.7847,Original
1642_lvt+N174+278_charge,CO2,0.7622,0.4617,1.0263,Original
165_qtz+N520+39_charge,CO2,0.5222,0.8118,0.6872,Original
1808_pcu+N668+2161_charge,CO2,0.5926,0.7289,0.8263,Original
1810_dmp+N398+39_charge,CO2,1.4947,0.3596,0.7409,Original
188_dmp+N520+94_charge,CO2,1.2456,0.4088,0.7442,Original
199_dmp+N520+244_charge,CO2,0.4875,0.7917,0.7563,Original
200_dmp+N520+246_charge,CO2,0.8193,0.6244,0.7393,Original
309_bcu+N647+383_charge,CO2,0.8312,0.5795,0.8793,Original
311_dmp+N520+292_charge,CO2,1.5775,0.3362,0.585,Original
315_dia+N520+225_charge,CO2,0.3055,0.8458,0.843,Original
322_dmp+N520+396_charge,CO2,0.6127,0.7029,0.792,Original
336_dmp+N276+413_charge,CO2,0.855,0.5288,0.9239,Original
345_sxb+N101+424_charge,CO2,0.5359,0.764,0.7461,Original
350_dmp+N520+427_charge,CO2,0.6851,0.6597,0.8177,Original
454_sit+N433+556_charge,CO2,1.826,0.3965,0.5049,Original
509_dmp+N390+306_charge,CO2,0.9518,0.4355,0.915,Original
594_tfz-d+N586+731_charge,CO2,1.0591,0.402,0.8759,Original
acs.cgd.5b01178_MAHFUZ1419064_clean,CO2,1.2411,0.3278,0.8933,Feedback
AlTBAPy,CO2,0.8079,0.5087,0.9794,Original
AlTCPP,CO2,0.8015,0.5195,0.9842,Original
AVIPOL_clean,CO2,0.939158,0.52298,0.888281044,Feedback
AZAFIS_clean,CO2,1.5219,0.41225,0.599474474,Feedback
AZIXUD_clean,CO2,1.10463,0.52438,0.802386607,Feedback
BABRII,CO2,1.638,0.126,0.8476,Original
BEPBAB_clean,CO2,1.04154,0.33574,1.054992001,Feedback
BOHWIG,CO2,0.9778,0.5601,0.8304,Original
c6ra01647b_c6ra01647b2_clean,CO2,1.12801,0.36843,0.807463956,Feedback
CALF20,CO2,1.5802,0.3792,0.7211,Original
CANRUG_clean,CO2,0.884567,0.48252,0.943364338,Feedback
Ca-SQA,CO2,1.5355,0.2476,0.9102,Original
CAU10,CO2,1.148,0.2987,0.9627,Original
CAU21,CO2,1.1514,0.0932,0.9896,Original
cg8013317_si_003_clean,CO2,0.919505,0.37174,0.979766445,Feedback
CIFDOM_clean,CO2,0.979977,0.51047,0.85878993,Feedback
CIFJAE_clean,CO2,1.17303,0.45505,0.836731803,Feedback
CIJVOH_clean,CO2,1.44318,0.65601,0.541357081,Feedback
CIZMIJ_clean,CO2,0.777083,0.60071,0.84086041,Feedback
CuAlPyC,CO2,1.4321,0.3315,0.8423,Original
CUYYAX_clean,CO2,1.16048,0.43491,0.750519429,Feedback
CUYYEB_clean,CO2,1.16139,0.43648,0.750607693,Feedback
DAXNOG_clean,CO2,1.2732,0.43383,0.791213191,Feedback
DAZMID,CO2,1.1426,0.1869,0.9883,Original
ddmof_16520,CO2,1.6379,0.2785,0.7385,Original
ddmof_16703,CO2,0.9284,0.409,0.9595,Original
ddmof_21502,CO2,1.1852,0.253,0.9159,Original
ddmof_2168,CO2,1.2207,0.4528,0.8005,Original
ddmof_22214,CO2,1.015,0.4207,0.8706,Original
ddmof_22243,CO2,1.0756,0.3521,0.9016,Original
ddmof_22389,CO2,1.2881,0.2121,0.8963,Original
ddmof_22800,CO2,1.4518,0.376,0.6816,Original
ddmof_22900,CO2,1.1293,0.4809,0.798,Original
ddmof_22908,CO2,1.0791,0.4158,0.7875,Original
ddmof_23350,CO2,0.9875,0.3477,0.9225,Original
ddmof_23421,CO2,0.9329,0.476,0.8797,Original
ddmof_23639,CO2,1.0548,0.347,0.919,Original
ddmof_23741,CO2,1.0621,0.3408,0.9214,Original
ddmof_23744,CO2,1.1881,0.2608,0.8992,Original
ddmof_3313,CO2,1.471,0.1012,0.9112,Original
ddmof_6878,CO2,1.2066,0.4304,0.8052,Original
ddmof_6949,CO2,1.2266,0.4496,0.7944,Original
ddmof_7975,CO2,1.1243,0.3606,0.8958,Original
DEJRUH_clean,CO2,1.03045,0.42574,0.904816326,Feedback
DITTEH_clean,CO2,1.0803,0.55316,0.769240842,Feedback
DIWNAA_clean,CO2,0.652513,0.67667,0.927656073,Feedback
DOLRAZ_clean,CO2,1.12972,0.3435,0.942965316,Feedback
DUJRAD_clean,CO2,1.37535,0.48729,0.638465586,Feedback
DUXMAL_clean,CO2,1.15892,0.38978,0.912640062,Feedback
ECOGEI_clean,CO2,0.998724,0.37589,0.911747702,Feedback
ESIDOB_clean,CO2,1.32897,0.40191,0.79611074,Feedback
EXOFIH_clean,CO2,1.35435,0.49372,0.69928311,Feedback
FAHGUU,CO2,1.0033,0.5199,0.8225,Original
FAHHAB,CO2,0.9971,0.5126,0.843,Original
FAHHIJ,CO2,1.0523,0.4855,0.8301,Original
FAHHOP,CO2,1.0296,0.4883,0.8492,Original
FAHHUV,CO2,1.0777,0.4897,0.8262,Original
FECXAO_clean,CO2,0.989543,0.517,0.782585508,Feedback
FEXCES_clean,CO2,1.01825,0.49603,0.872076385,Feedback
FEZTIP_clean,CO2,1.11089,0.45048,0.823666553,Feedback
FIFNUE_clean,CO2,1.02025,0.45056,0.890561666,Feedback
FIFNUE01_clean,CO2,1.01704,0.44607,0.890575729,Feedback
FIFPAM_clean,CO2,1.03535,0.43967,0.920958563,Feedback
FIQCEN,CO2,0.8604,0.6831,0.7547,Original
FOJKIA_clean,CO2,1.07093,0.37256,0.963685149,Feedback
FUHMOM_clean,CO2,1.1956,0.4596,0.8222,Feedback
GITTOT02,CO2,0.9051,0.471,0.9681,Original
HAFVOB_clean,CO2,0.989877,0.44102,0.930196631,Feedback
HAWWOT_clean,CO2,1.0177,0.64635,0.616098874,Feedback
HAWWUZ_clean,CO2,1.02767,0.64009,0.624061742,Feedback
HEKTAU_clean,CO2,1.11842,0.42996,0.816122682,Feedback
ic402058f_si_004_clean,CO2,1.28628,0.3712,0.782579624,Feedback
INOMOP01_clean,CO2,1.06786,0.46728,0.833275822,Feedback
KAYBIX_clean,CO2,1.21439,0.42407,0.898017024,Feedback
KAYBUJ_clean,CO2,1.19412,0.43102,0.902610555,Feedback
KEWZET_clean,CO2,1.09177,0.41409,0.902269466,Feedback
KIFJUF_clean,CO2,0.821526,0.54347,0.907266611,Feedback
KIFKEQ_clean,CO2,0.933293,0.45482,0.954291895,Feedback
KISXIU,CO2,0.3792,0.8239,0.8327,Original
KIYMIQ_clean,CO2,1.0379,0.40741,0.863220623,Feedback
LAGNAK_clean,CO2,1.02346,0.51824,0.791542641,Feedback
LAGQER_clean,CO2,1.29203,0.48408,0.66824901,Feedback
LAGQOB_clean,CO2,1.32887,0.4806,0.654191863,Feedback
LASYOU,CO2,0.9026,0.6476,0.7808,Original
LEVNOQ_clean,CO2,0.9474,0.4683,0.9197,Feedback
LEVNOQ01_clean,CO2,0.9751,0.4502,0.9249,Feedback
LIXWAR_clean,CO2,1.06263,0.46306,0.866388038,Feedback
LIXWAR01_clean,CO2,1.07311,0.45733,0.869348412,Feedback
LUFNEG_clean,CO2,1.1725,0.3851,0.9355,Feedback
lvt+N174+E27_charge,CO2,2.0581,0.1027,0.8353,Original
MEHMET,CO2,0.3934,0.8199,0.8657,Original
MgMOF74,CO2,0.8786,0.6204,0.8129,Original
MIL-160-Al,CO2,1.0947,0.3525,0.9215,Original
MIL-96-Al,CO2,1.1364,0.273,0.9738,Original
MUGXIX_clean,CO2,1.11722,0.48556,0.758589278,Feedback
NAWKII_clean,CO2,0.9479,0.4577,0.9215,Feedback
NEYZAU_clean,CO2,0.942406,0.54416,0.878652385,Feedback
NOCKOG_clean,CO2,1.04593,0.4204,0.916131915,Feedback
NOCKUM_clean,CO2,1.07326,0.43133,0.908480519,Feedback
NOCLUN_clean,CO2,1.07441,0.52563,0.737049209,Feedback
NOSTUM_clean,CO2,0.959933,0.5195,0.915024569,Feedback
NOSTUM01_clean,CO2,0.946326,0.52729,0.914820626,Feedback
OCACUR_clean,CO2,1.25128,0.54697,0.730844159,Feedback
ONIXOZ,CO2,0.8824,0.6209,0.7922,Original
ORIWET,CO2,1.0704,0.628,0.7419,Original
OSAVEK_clean,CO2,0.991485,0.47127,0.918028588,Feedback
OSAVUA_clean,CO2,0.884314,0.57733,0.890521924,Feedback
OSAWEL_clean,CO2,1.20581,0.41497,0.916780454,Feedback
OZAVES_clean,CO2,1.07782,0.48005,0.825667725,Feedback
PACYAW_clean,CO2,1.06278,0.4253,0.838882485,Feedback
PARHAS_clean,CO2,0.69817,0.6171,1.01948028,Feedback
PEQRUZ_clean,CO2,1.19715,0.36674,0.854906385,Feedback
PITYUN,CO2,1.6971,0.3981,0.6161,Original
POMSOB_clean,CO2,1.11643,0.39558,0.905109038,Feedback
PUZKUS_clean,CO2,1.14051,0.42955,0.816934442,Feedback
QIWFIN01,CO2,1.5293,0.2826,0.909,Original
RASKIH_clean,CO2,1.18507,0.36695,0.915383401,Feedback
REJLEY_clean,CO2,1.17199,0.37723,0.882589468,Feedback
REYPIW_clean,CO2,1.18423,0.38497,0.852309553,Feedback
RIPKEH,CO2,2.5703,0.0927,0.4434,Original
RSM0011,CO2,1.68,0.3555,0.7215,Original
RSM0016,CO2,1.588,0.3197,0.6434,Original
RSM0022,CO2,1.5794,0.4262,0.5978,Original
RSM0042,CO2,2.7228,0.1193,0.5674,Original
RSM0047,CO2,1.0694,0.5992,0.7539,Original
RSM0055,CO2,1.2602,0.3158,0.9439,Original
RSM0056,CO2,0.961,0.5442,0.8675,Original
RSM0059,CO2,1.1561,0.4305,0.7816,Original
RSM0068,CO2,1.5385,0.3019,0.9613,Original
RSM0079,CO2,2.1927,0.3415,0.5749,Original
RSM0081,CO2,1.1258,0.3782,0.9614,Original
RSM0086,CO2,1.0582,0.5132,0.8029,Original
RSM0096,CO2,1.6234,0.5448,0.5204,Original
RSM0097,CO2,1.4539,0.3392,0.8083,Original
RSM0107,CO2,2.0005,0.3218,0.6406,Original
RSM0109,CO2,1.9277,0.3328,0.6473,Original
RSM0118,CO2,1.6588,0.3507,0.7117,Original
RSM0136,CO2,1.8278,0.4401,0.4892,Original
RSM0145,CO2,0.9656,0.663,0.6999,Original
RSM0148,CO2,1.5842,0.3568,0.7288,Original
RSM0151,CO2,1.0216,0.6081,0.6876,Original
RSM0158,CO2,1.1324,0.4874,0.7875,Original
RSM0171,CO2,2.3597,0.1942,0.6566,Original
RSM0172,CO2,1.0465,0.3572,0.8745,Original
RSM0175,CO2,1.4607,0.4072,0.6804,Original
RSM0177,CO2,1.4179,0.4416,0.6397,Original
RSM0191,CO2,1.7023,0.4104,0.6111,Original
RSM0195,CO2,1.3916,0.3371,0.8017,Original
RSM0199,CO2,2.3269,0.362,0.4351,Original
RSM0202,CO2,1.4574,0.3087,0.7912,Feedback
RSM0220,CO2,1.0819,0.4694,0.9254,Original
RSM0226,CO2,1.5836,0.2385,0.8602,Original
RSM0227,CO2,1.0854,0.6198,0.6875,Original
RSM0228,CO2,1.2641,0.5895,0.6767,Original
RSM0229,CO2,1.4047,0.2903,0.9049,Original
RSM0230,CO2,1.1859,0.6083,0.7008,Original
RSM0234,CO2,1.1497,0.6208,0.7129,Original
RSM0235,CO2,1.9437,0.1731,0.7032,Original
RSM0239,CO2,1.8382,0.3995,0.5111,Original
RSM0243,CO2,1.36,0.2984,0.8966,Original
RSM0247,CO2,1.2918,0.3377,0.8324,Original
RSM0248,CO2,1.6567,0.3728,0.6879,Original
RSM0258,CO2,2.0075,0.3167,0.5951,Original
RSM0270,CO2,1.9522,0.3723,0.5561,Original
RSM0277,CO2,1.5347,0.2824,0.7381,Original
RSM0278,CO2,1.4714,0.4003,0.6886,Original
RSM0281,CO2,1.1799,0.271,1.1023,Original
RSM0285,CO2,1.7823,0.3806,0.6004,Original
RSM0287,CO2,1.0454,0.4801,0.8586,Original
RSM0288,CO2,1.1634,0.4258,0.8803,Original
RSM0290,CO2,1.4137,0.1969,0.9057,Original
RSM0299,CO2,1.1861,0.507,0.7501,Original
RSM0304,CO2,1.3863,0.2113,0.9201,Original
RSM0308,CO2,1.338,0.2768,0.9024,Original
RSM0309,CO2,1.7265,0.3981,0.6792,Original
RSM0313,CO2,1.3978,0.3859,0.7553,Original
RSM0316,CO2,1.695,0.2044,0.8455,Original
RSM0322,CO2,1.5547,0.3354,0.6906,Original
RSM0324,CO2,1.4964,0.3108,0.7559,Original
RSM0327,CO2,1.8865,0.1449,0.7381,Original
RSM0328,CO2,1.478,0.3246,0.7174,Original
RSM0331,CO2,2.0472,0.1791,0.6901,Original
RSM0337,CO2,1.2134,0.3003,0.883,Original
RSM0342,CO2,1.7735,0.1512,0.8147,Original
RSM0366,CO2,0.5283,0.7408,0.9104,Original
RSM0369,CO2,1.3358,0.207,0.9668,Original
RSM0372,CO2,1.2601,0.4207,0.8222,Original
RSM0386,CO2,1.5823,0.485,0.5779,Original
RSM0398,CO2,1.5493,0.3214,0.7426,Original
RSM0400,CO2,1.5422,0.26,0.7776,Original
RSM0402,CO2,1.2581,0.4241,0.8129,Original
RSM0418,CO2,1.536,0.289,0.7609,Original
RSM0423,CO2,1.1365,0.4318,0.892,Original
RSM0424,CO2,1.3598,0.4476,0.8022,Original
RSM0426,CO2,1.3026,0.4275,0.7313,Original
RSM0429,CO2,0.6998,0.6388,0.9137,Original
RSM0431,CO2,1.1712,0.4011,0.9204,Original
RSM0433,CO2,1.4189,0.3969,0.7257,Original
RSM0439,CO2,1.8375,0.1687,0.784,Original
RSM0441,CO2,2.758,0.162,0.5364,Original
RSM0444,CO2,1.8578,0.4226,0.5003,Original
RSM0445,CO2,0.613,0.7301,0.8632,Original
RSM0453,CO2,1.6806,0.1501,0.7696,Original
RSM0454,CO2,1.9438,0.3155,0.7398,Original
RSM0455,CO2,1.2487,0.3495,0.8512,Original
RSM0457,CO2,1.7007,0.362,0.6434,Original
RSM0458,CO2,1.6298,0.3361,0.7244,Original
RSM0460,CO2,1.3763,0.2232,0.8951,Original
RSM0462,CO2,2.1538,0.3462,0.565,Original
RSM0464,CO2,1.1992,0.4209,0.8349,Original
RSM0473,CO2,1.1154,0.3761,0.93,Original
RSM0478,CO2,1.488,0.3002,0.8096,Original
RSM0486,CO2,2.8842,0.5194,0.3427,Original
RSM0488,CO2,0.9299,0.4801,0.9178,Original
RSM0492,CO2,1.2318,0.3045,0.9425,Original
RSM0493,CO2,1.9528,0.2226,0.6721,Original
RSM0494,CO2,1.0928,0.3725,0.9469,Original
RSM0496,CO2,1.551,0.348,0.721,Original
RSM0497,CO2,1.887,0.3016,0.6098,Original
RSM0498,CO2,0.9867,0.4387,1.0901,Original
RSM0505,CO2,1.7302,0.3325,0.7482,Original
RSM0508,CO2,1.9588,0.291,0.6356,Original
RSM0516,CO2,1.0401,0.4848,0.9029,Original
RSM0532,CO2,1.9749,0.2847,0.5949,Original
RSM0534,CO2,1.4995,0.4844,0.6066,Original
RSM0537,CO2,0.9988,0.5092,0.8893,Original
RSM0544,CO2,1.2201,0.2857,0.9048,Original
RSM0545,CO2,1.4885,0.221,0.8434,Original
RSM0549,CO2,2.0862,0.2106,0.5878,Original
RSM0551,CO2,3.387,0.1348,0.4701,Original
RSM0557,CO2,1.3601,0.287,0.9046,Original
RSM0568,CO2,1.614,0.2817,0.7436,Original
RSM0572,CO2,1.3302,0.1762,0.7935,Original
RSM0573,CO2,2.2509,0.3352,0.4758,Original
RSM0576,CO2,1.6006,0.4124,0.6376,Original
RSM0583,CO2,1.8101,0.2413,0.7046,Original
RSM0588,CO2,0.9488,0.5306,0.8652,Original
RSM0594,CO2,1.6744,0.2574,0.7268,Original
RSM0602,CO2,1.3002,0.477,0.7446,Original
RSM0604,CO2,1.643,0.479,0.5788,Original
RSM0622,CO2,1.6174,0.2433,0.8201,Original
RSM0624,CO2,0.9496,0.5842,0.8111,Original
RSM0628,CO2,1.3021,0.5919,0.5738,Original
RSM0631,CO2,1.6262,0.4844,0.5825,Original
RSM0632,CO2,2.2892,0.1676,0.5715,Original
RSM0633,CO2,1.1418,0.3436,0.9214,Original
RSM0634,CO2,1.3482,0.3834,0.7935,Original
RSM0637,CO2,1.439,0.2781,0.8252,Original
RSM0641,CO2,2.0242,0.1759,0.696,Original
RSM0644,CO2,1.5066,0.4279,0.6897,Original
RSM0645,CO2,2.5961,0.1698,0.5367,Original
RSM0647,CO2,1.1745,0.5675,0.6869,Original
RSM0656,CO2,1.5563,0.2124,0.8134,Original
RSM0658,CO2,1.5303,0.2314,0.7241,Original
RSM0662,CO2,1.1963,0.5071,0.7814,Original
RSM0663,CO2,1.8046,0.2196,0.6874,Original
RSM0664,CO2,1.5905,0.2167,0.7398,Original
RSM0666,CO2,1.8381,0.2123,0.6827,Original
RSM0674,CO2,1.2911,0.4252,0.732,Original
RSM0676,CO2,1.8463,0.2512,0.6942,Original
RSM0682,CO2,1.8514,0.3197,0.6453,Original
RSM0686,CO2,1.3012,0.4234,0.7299,Original
RSM0699,CO2,0.999,0.5286,0.7729,Original
RSM0700,CO2,1.2123,0.4865,0.7687,Original
RSM0706,CO2,0.5387,0.7155,0.9126,Original
RSM0716,CO2,2.1515,0.3573,0.5099,Original
RSM0718,CO2,1.6526,0.3455,0.6823,Original
RSM0724,CO2,1.6683,0.1465,0.7575,Original
RSM0728,CO2,1.3189,0.5219,0.7065,Original
RSM0740,CO2,1.1693,0.2544,0.9531,Original
RSM0748,CO2,1.4267,0.2893,0.8329,Original
RSM0752,CO2,0.4911,0.7436,0.9109,Original
RSM0753,CO2,1.4101,0.1742,0.9164,Original
RSM0760,CO2,1.127,0.6025,0.6603,Original
RSM0765,CO2,1.8782,0.3397,0.6241,Original
RSM0782,CO2,1.1588,0.3727,0.8747,Original
RSM0783,CO2,1.1015,0.3806,0.8964,Original
RSM0788,CO2,1.7203,0.3638,0.5947,Original
RSM0789,CO2,1.3468,0.2934,0.8301,Original
RSM0794,CO2,1.4289,0.3484,0.8064,Original
RSM0795,CO2,1.1975,0.4196,0.7773,Original
RSM0796,CO2,1.3694,0.2046,0.8345,Original
RSM0811,CO2,1.6885,0.4556,0.5816,Original
RSM0816,CO2,1.8356,0.3408,0.7028,Original
RSM0820,CO2,1.2396,0.4397,0.8245,Original
RSM0825,CO2,1.2692,0.2889,0.8973,Original
RSM0830,CO2,1.097,0.5152,0.8025,Original
RSM0841,CO2,1.9305,0.42,0.5413,Original
RSM0844,CO2,1.7899,0.2366,0.7477,Original
RSM0848,CO2,1.6769,0.4376,0.6557,Original
RSM0850,CO2,1.4162,0.3588,0.7447,Original
RSM0851,CO2,0.8073,0.6206,0.9219,Original
RSM0853,CO2,1.2854,0.2129,0.8943,Original
RSM0858,CO2,0.9659,0.232,1.2468,Original
RSM0860,CO2,1.3651,0.3614,0.8824,Original
RSM0862,CO2,0.8114,0.5707,0.9251,Original
RSM0871,CO2,1.1364,0.3659,0.91,Original
RSM0881,CO2,1.3115,0.3823,0.8281,Original
RSM0888,CO2,1.8708,0.2602,0.6282,Original
RSM0892,CO2,1.1839,0.3922,0.8655,Original
RSM0895,CO2,1.2954,0.2932,0.8468,Original
RSM0903,CO2,1.6662,0.1921,0.8378,Original
RSM0904,CO2,1.3422,0.1842,0.9306,Original
RSM0913,CO2,1.6104,0.2034,0.7501,Original
RSM0915,CO2,2.0581,0.161,0.6555,Original
RSM0919,CO2,1.7201,0.1278,0.7683,Original
RSM0921,CO2,1.2795,0.1695,0.9595,Original
RSM0937,CO2,1.4971,0.4064,0.6707,Original
RSM0938,CO2,1.9023,0.2692,0.7149,Original
RSM0946,CO2,0.9503,0.5347,0.878,Original
RSM0953,CO2,0.9849,0.0896,1.1812,Original
RSM0956,CO2,1.3401,0.3564,0.7278,Original
RSM0962,CO2,1.0635,0.3653,0.9572,Original
RSM0964,CO2,1.1237,0.3719,0.9372,Original
RSM0966,CO2,1.4215,0.4705,0.7315,Original
RSM0969,CO2,1.116,0.6079,0.657,Original
RSM0975,CO2,1.2242,0.2992,0.8907,Original
RSM0981,CO2,1.0111,0.3826,0.9595,Original
RSM0996,CO2,1.6836,0.2787,0.6887,Original
RSM1002,CO2,1.2066,0.5521,0.6407,Original
RSM1005,CO2,1.2715,0.4072,0.8014,Original
RSM1007,CO2,1.1673,0.4648,0.8087,Original
RSM1019,CO2,0.9682,0.545,0.8275,Original
RSM1026,CO2,2.2687,0.1725,0.696,Original
RSM1028,CO2,1.84,0.4058,0.5275,Original
RSM1030,CO2,1.6552,0.2331,0.8296,Original
RSM1035,CO2,1.5012,0.435,0.6443,Original
RSM1050,CO2,0.7641,0.6433,0.8504,Original
RSM1053,CO2,1.6681,0.4255,0.576,Original
RSM1055,CO2,1.1484,0.5079,0.7345,Original
RSM1056,CO2,1.4241,0.4446,0.6652,Original
RSM1064,CO2,1.146,0.4083,0.8445,Original
RSM1066,CO2,1.3308,0.2447,0.9283,Original
RSM1069,CO2,1.0666,0.351,0.9607,Original
RSM1072,CO2,0.9503,0.546,0.8182,Original
RSM1074,CO2,1.5218,0.1532,0.8973,Original
RSM1075,CO2,0.9584,0.5317,0.8504,Original
RSM1078,CO2,1.9257,0.2537,0.6597,Original
RSM1080,CO2,1.6452,0.4431,0.5503,Original
RSM1084,CO2,1.3468,0.3855,0.7614,Original
RSM1089,CO2,0.9531,0.5348,0.8701,Original
RSM1094,CO2,0.6605,0.683,0.8858,Original
RSM1096,CO2,2.4072,0.1908,0.6853,Original
RSM1107,CO2,0.6949,0.6916,0.839,Original
RSM1110,CO2,1.8363,0.2737,0.6732,Original
RSM1112,CO2,1.2495,0.3458,0.8579,Original
RSM1114,CO2,1.2468,0.2892,0.8775,Original
RSM1121,CO2,1.2229,0.1991,0.9205,Original
RSM1124,CO2,1.3675,0.3797,0.7606,Original
RSM1135,CO2,1.4909,0.3945,0.6751,Original
RSM1140,CO2,1.2996,0.339,0.8536,Original
RSM1141,CO2,1.2672,0.3405,0.8627,Original
RSM1142,CO2,1.6166,0.2743,0.7597,Original
RSM1146,CO2,1.2723,0.5686,0.6726,Original
RSM1149,CO2,1.8362,0.2055,0.6998,Original
RSM1150,CO2,1.6439,0.2594,0.792,Original
RSM1158,CO2,1.7921,0.2855,0.7733,Original
RSM1167,CO2,1.2944,0.3435,0.877,Original
RSM1171,CO2,1.3535,0.3059,0.8344,Original
RSM1173,CO2,1.4296,0.3658,0.7321,Original
RSM1185,CO2,1.8085,0.2086,0.6993,Original
RSM1195,CO2,1.1257,0.4727,0.7563,Original
RSM1197,CO2,0.529,0.7472,0.862,Original
RSM1207,CO2,1.2062,0.2019,0.9814,Original
RSM1213,CO2,1.1043,0.3252,0.9704,Original
RSM1214,CO2,0.5849,0.7287,0.8588,Original
RSM1215,CO2,1.1643,0.2758,0.9027,Original
RSM1216,CO2,1.2087,0.21,0.9712,Original
RSM1223,CO2,1.0774,0.5843,0.6808,Original
RSM1226,CO2,1.1813,0.5313,0.6892,Original
RSM1227,CO2,1.4605,0.2504,0.8742,Original
RSM1232,CO2,1.1971,0.2783,0.9448,Original
RSM1233,CO2,2.0776,0.0777,0.7076,Original
RSM1235,CO2,1.1489,0.5398,0.6982,Original
RSM1238,CO2,1.2386,0.3332,0.899,Original
RSM1245,CO2,1.9981,0.1383,0.6539,Original
RSM1250,CO2,0.9026,0.584,0.8106,Original
RSM1253,CO2,1.2199,0.5257,0.682,Original
RSM1254,CO2,1.1673,0.5368,0.6906,Original
RSM1255,CO2,1.2201,0.4997,0.75,Original
RSM1260,CO2,2.0098,0.5018,0.419,Original
RSM1265,CO2,1.8664,0.2307,0.6769,Original
RSM1269,CO2,1.5728,0.226,0.7833,Original
RSM1271,CO2,1.5797,0.1585,0.7743,Original
RSM1274,CO2,1.9547,0.2233,0.6629,Original
RSM1276,CO2,1.9491,0.2232,0.6015,Original
RSM1279,CO2,1.1289,0.5432,0.7029,Original
RSM1284,CO2,1.6279,0.501,0.5486,Original
RSM1291,CO2,1.6694,0.2319,0.7193,Original
RSM1301,CO2,1.387,0.2575,0.8569,Original
RSM1306,CO2,1.1799,0.4853,0.8021,Original
RSM1315,CO2,0.9327,0.4614,0.9311,Original
RSM1320,CO2,1.1308,0.5279,0.7087,Original
RSM1327,CO2,1.1675,0.4783,0.8241,Original
RSM1333,CO2,1.468,0.1226,0.9341,Original
RSM1336,CO2,1.1694,0.4637,0.7698,Original
RSM1339,CO2,1.3672,0.2105,0.862,Original
RSM1344,CO2,0.9277,0.42,0.9659,Original
RSM1351,CO2,1.771,0.2419,0.6875,Original
RSM1352,CO2,0.7421,0.5617,0.9083,Original
RSM1361,CO2,1.9512,0.2386,0.664,Original
RSM1362,CO2,2.0916,0.2317,0.639,Original
RSM1371,CO2,1.8293,0.1393,0.7955,Original
RSM1374,CO2,1.9244,0.1819,0.7091,Original
RSM1382,CO2,1.7171,0.3144,0.7116,Original
RSM1386,CO2,0.9105,0.5551,0.8702,Original
RSM1389,CO2,1.6137,0.2873,0.6869,Original
RSM1391,CO2,1.0242,0.5359,0.7929,Original
RSM1404,CO2,0.9853,0.3889,1.0074,Original
RSM1418,CO2,1.3917,0.2436,0.8407,Original
RSM1427,CO2,1.0079,0.5587,0.8133,Original
RSM1431,CO2,1.0913,0.554,0.6928,Original
RSM1460,CO2,1.2118,0.2404,0.9026,Original
RSM1461,CO2,1.4995,0.3688,0.7285,Original
RSM1469,CO2,0.8334,0.6409,0.9216,Original
RSM1479,CO2,1.9292,0.3289,0.5257,Original
RSM1481,CO2,1.6776,0.3426,0.6281,Original
RSM1488,CO2,1.5602,0.1901,0.788,Original
RSM1489,CO2,1.1998,0.5799,0.5893,Original
RSM1498,CO2,1.1886,0.4692,0.7582,Original
RSM1501,CO2,1.3934,0.4229,0.6899,Original
RSM1509,CO2,1.2688,0.4569,0.781,Original
RSM1516,CO2,2.1713,0.2711,0.5929,Original
RSM1521,CO2,1.6361,0.4206,0.5599,Original
RSM1536,CO2,1.2681,0.4605,0.7773,Original
RSM1541,CO2,1.6912,0.1512,0.787,Original
RSM1542,CO2,1.6646,0.2643,0.8152,Original
RSM1559,CO2,0.8449,0.5006,0.956,Original
RSM1564,CO2,0.8148,0.5506,0.9007,Original
RSM1568,CO2,1.1378,0.4412,0.8274,Original
RSM1576,CO2,1.7049,0.2866,0.7119,Original
RSM1577,CO2,1.5759,0.2616,0.7472,Original
RSM1579,CO2,1.7328,0.2291,0.6935,Original
RSM1585,CO2,1.3354,0.4869,0.68,Original
RSM1586,CO2,1.5976,0.3035,0.7416,Original
RSM1600,CO2,1.5471,0.2968,0.7269,Original
RSM1603,CO2,1.765,0.0687,0.8736,Original
RSM1609,CO2,1.6063,0.2694,0.7453,Original
RSM1611,CO2,1.2475,0.337,0.8559,Original
RSM1614,CO2,1.3854,0.3533,0.716,Original
RSM1619,CO2,1.5231,0.5075,0.5435,Original
RSM1627,CO2,1.1318,0.3506,0.8678,Original
RSM1630,CO2,1.7658,0.2387,0.6856,Original
RSM1635,CO2,1.7807,0.1674,0.7264,Original
RSM1638,CO2,1.1294,0.4476,0.84,Original
RSM1639,CO2,1.8152,0.2361,0.6775,Original
RSM1640,CO2,1.0814,0.4092,0.8873,Original
RSM1644,CO2,2.3693,0.2614,0.5495,Original
RSM1647,CO2,1.9803,0.1327,0.7929,Original
RSM1654,CO2,1.6809,0.3835,0.6024,Original
RSM1657,CO2,1.2484,0.448,0.7267,Original
RSM1663,CO2,1.2122,0.4294,0.8128,Original
RSM1676,CO2,1.7912,0.2342,0.715,Original
RSM1677,CO2,2.2113,0.1468,0.6325,Original
RSM1681,CO2,1.1262,0.4912,0.7687,Original
RSM1683,CO2,1.0991,0.4007,0.9107,Original
RSM1686,CO2,2.3021,0.1398,0.6238,Original
RSM1694,CO2,2.1503,0.1542,0.6444,Original
RSM1710,CO2,1.1785,0.6092,0.6168,Original
RSM1718,CO2,1.2854,0.2981,0.866,Original
RSM1724,CO2,1.2043,0.3964,0.7391,Original
RSM1728,CO2,1.4389,0.4289,0.6764,Original
RSM1734,CO2,1.1049,0.461,0.8445,Original
RSM1738,CO2,0.5099,0.774,0.8492,Original
RSM1742,CO2,1.3921,0.2013,0.929,Original
RSM1745,CO2,4.4851,0.2231,0.3374,Original
RSM1762,CO2,1.15,0.354,0.917,Original
RSM1768,CO2,1.9228,0.1905,0.6745,Original
RSM1769,CO2,1.8993,0.2437,0.7153,Original
RSM1774,CO2,1.3092,0.3129,0.8958,Original
RSM1787,CO2,1.8504,0.2895,0.5976,Original
RSM1788,CO2,0.8989,0.5151,0.9098,Original
RSM1795,CO2,1.1864,0.1725,0.998,Original
RSM1797,CO2,1.3293,0.3305,0.8429,Original
RSM1799,CO2,1.0022,0.3453,0.9941,Original
RSM1804,CO2,1.2741,0.2773,0.9456,Original
RSM1812,CO2,1.689,0.1615,0.7919,Original
RSM1814,CO2,1.7183,0.1674,0.7241,Original
RSM1817,CO2,1.4511,0.4438,0.678,Original
RSM1818,CO2,1.393,0.2133,0.8965,Original
RSM1829,CO2,1.1904,0.4433,0.7792,Original
RSM1840,CO2,1.1237,0.4283,0.8405,Original
RSM1847,CO2,0.9471,0.5452,0.8695,Original
RSM1848,CO2,0.6516,0.7475,0.6698,Original
RSM1870,CO2,2.1702,0.2006,0.6557,Original
RSM1877,CO2,1.2832,0.1827,0.9045,Original
RSM1886,CO2,1.217,0.4239,0.7871,Original
RSM1889,CO2,1.1536,0.4095,0.8653,Original
RSM1890,CO2,0.6297,0.6639,0.892,Original
RSM1911,CO2,1.3354,0.2144,0.8965,Original
RSM1916,CO2,1.2127,0.5015,0.7484,Original
RSM1926,CO2,1.2834,0.5119,0.6364,Original
RSM1927,CO2,1.064,0.5076,0.8433,Original
RSM1930,CO2,1.4955,0.1433,0.8809,Original
RSM1935,CO2,0.9843,0.3875,0.9554,Original
RSM1946,CO2,0.803,0.5326,0.9203,Original
RSM1970,CO2,0.3567,0.8201,0.8989,Original
RSM1974,CO2,1.2454,0.3089,0.8834,Original
RSM1976,CO2,1.2445,0.4133,0.8217,Original
RSM1978,CO2,2.1527,0.2092,0.6603,Original
RSM1979,CO2,1.248,0.369,0.7967,Original
RSM1982,CO2,1.1617,0.2737,0.9295,Original
RSM1984,CO2,0.5656,0.7458,0.8386,Original
RSM1987,CO2,0.8512,0.554,0.8723,Original
RSM1993,CO2,1.3202,0.3868,0.8515,Original
RSM2002,CO2,1.4286,0.4309,0.6904,Original
RSM2006,CO2,1.0767,0.5313,0.8134,Original
RSM2008,CO2,1.3511,0.3176,0.8439,Original
RSM2009,CO2,1.3387,0.226,1.0661,Original
RSM2012,CO2,1.3219,0.2295,0.9469,Original
RSM2021,CO2,0.8924,0.5543,0.8761,Original
RSM2026,CO2,1.0285,0.5222,0.7699,Original
RSM2032,CO2,1.084,0.5567,0.7709,Original
RSM2036,CO2,1.0486,0.5291,0.7531,Original
RSM2037,CO2,0.8429,0.6921,0.7395,Original
RSM2038,CO2,0.5445,0.7466,0.8165,Original
RSM2044,CO2,0.7654,0.59,0.9179,Original
RSM2047,CO2,0.728,0.5991,0.9452,Original
RSM2058,CO2,1.64,0.149,0.7773,Original
RSM2062,CO2,1.2654,0.4483,0.8063,Original
RSM2075,CO2,1.5058,0.3095,0.7475,Original
RSM2076,CO2,0.8825,0.5279,0.8917,Original
RSM2080,CO2,1.2511,0.3416,0.8515,Original
RSM2082,CO2,1.2527,0.4016,0.769,Original
RSM2087,CO2,1.196,0.243,0.9893,Original
RSM2106,CO2,1.8763,0.3004,0.6216,Original
RSM2113,CO2,0.995,0.4604,0.923,Original
RSM2114,CO2,1.5312,0.3326,0.7759,Original
RSM2137,CO2,0.8582,0.5939,0.7776,Original
RSM2145,CO2,0.9373,0.3302,1.0657,Original
RSM2156,CO2,1.0021,0.4366,0.9231,Original
RSM2160,CO2,1.3535,0.1966,0.9431,Original
RSM2164,CO2,1.6219,0.3818,0.5859,Original
RSM2167,CO2,1.5862,0.1866,0.8319,Original
RSM2175,CO2,1.8434,0.3351,0.5977,Original
RSM2176,CO2,1.445,0.218,0.8157,Original
RSM2182,CO2,1.1821,0.2111,0.9598,Original
RSM2201,CO2,1.2863,0.2171,0.9404,Original
RSM2202,CO2,1.1325,0.2488,0.9699,Original
RSM2207,CO2,0.6796,0.6359,0.8358,Original
RSM2218,CO2,1.1532,0.3848,0.8808,Original
RSM2224,CO2,1.6186,0.246,0.7053,Original
RSM2235,CO2,1.5697,0.2727,0.7434,Original
RSM2238,CO2,1.1519,0.2923,0.8626,Original
RSM2241,CO2,1.3915,0.3029,0.8473,Original
RSM2247,CO2,1.061,0.5233,0.8093,Original
RSM2250,CO2,1.8497,0.2517,0.6184,Original
RSM2251,CO2,1.3983,0.4627,0.6371,Original
RSM2254,CO2,0.88,0.5625,0.8158,Original
RSM2257,CO2,1.0385,0.4662,0.8134,Original
RSM2270,CO2,1.3042,0.2485,0.8602,Original
RSM2277,CO2,0.9945,0.4587,0.8985,Original
RSM2282,CO2,1.5911,0.3981,0.6348,Original
RSM2283,CO2,1.0492,0.3437,0.9483,Original
RSM2288,CO2,0.9186,0.512,0.8157,Original
RSM2297,CO2,0.7853,0.6365,0.7924,Original
RSM2305,CO2,1.1888,0.5135,0.759,Original
RSM2317,CO2,1.159,0.3441,0.8455,Original
RSM2333,CO2,1.69,0.2375,0.7063,Original
RSM2337,CO2,1.1882,0.4137,0.7793,Original
RSM2339,CO2,1.4185,0.3924,0.7804,Original
RSM2343,CO2,1.4671,0.3618,0.7569,Original
RSM2347,CO2,1.2612,0.2224,0.9444,Original
RSM2357,CO2,1.9791,0.0733,0.77,Original
RSM2360,CO2,1.0394,0.4049,0.8853,Original
RSM2366,CO2,1.1649,0.3763,0.8461,Original
RSM2369,CO2,1.067,0.4829,0.7777,Original
RSM2378,CO2,1.3732,0.129,0.9258,Original
RSM2388,CO2,0.9452,0.4998,0.864,Original
RSM2400,CO2,0.9957,0.4571,0.8414,Original
RSM2401,CO2,1.2314,0.3809,0.8279,Original
RSM2422,CO2,1.6584,0.0977,0.8439,Original
RSM2423,CO2,1.9114,0.2512,0.7108,Original
RSM2424,CO2,1.4623,0.1729,0.8203,Original
RSM2425,CO2,1.8901,0.2545,0.7154,Original
RSM2428,CO2,1.2457,0.3219,0.8878,Original
RSM2430,CO2,1.4545,0.1687,0.8347,Original
RSM2434,CO2,1.5465,0.16,0.8139,Original
RSM2454,CO2,0.9377,0.3628,0.8734,Original
RSM2459,CO2,1.9421,0.2066,0.7689,Original
RSM2467,CO2,1.2267,0.2745,0.926,Original
RSM2469,CO2,1.3013,0.5121,0.7025,Original
RSM2476,CO2,1.1186,0.3281,0.9601,Original
RSM2477,CO2,0.9982,0.4243,0.9445,Original
RSM2481,CO2,3.5366,0.3523,0.3471,Original
RSM2492,CO2,0.6148,0.6537,0.929,Original
RSM2497,CO2,1.893,0.2181,0.7103,Original
RSM2509,CO2,1.2974,0.204,0.8951,Original
RSM2513,CO2,1.802,0.2918,0.7394,Original
RSM2514,CO2,1.4569,0.1509,0.9401,Original
RSM2517,CO2,1.1196,0.3315,0.9306,Original
RSM2518,CO2,1.3507,0.3194,0.7426,Original
RSM2523,CO2,1.0836,0.4675,0.8084,Original
RSM2529,CO2,1.9488,0.0966,0.7086,Original
RSM2531,CO2,1.4755,0.264,0.7811,Original
RSM2573,CO2,1.368,0.1275,1.0775,Original
RSM2581,CO2,1.4294,0.2656,0.7767,Original
RSM2615,CO2,1.3163,0.2246,0.8762,Original
RSM2620,CO2,0.9066,0.5321,0.8708,Original
RSM2622,CO2,1.4542,0.1492,0.7873,Original
RSM2629,CO2,1.9253,0.0979,0.8033,Original
RSM2631,CO2,1.9732,0.1892,0.7743,Original
RSM2636,CO2,1.998,0.192,0.7645,Original
RSM2655,CO2,1.2925,0.1877,0.9344,Original
RSM2666,CO2,1.1789,0.3126,0.9198,Original
RSM2681,CO2,1.1435,0.3608,0.8469,Original
RSM2682,CO2,1.021,0.4027,0.9195,Original
RSM2700,CO2,1.3355,0.1849,0.9562,Original
RSM2702,CO2,1.134,0.443,0.8565,Original
RSM2706,CO2,1.1298,0.3342,0.9692,Original
RSM2712,CO2,1.7309,0.2752,0.6287,Original
RSM2713,CO2,1.2362,0.2515,0.9524,Original
RSM2721,CO2,1.2634,0.3863,0.7524,Original
RSM2722,CO2,1.2199,0.3683,0.8576,Original
RSM2724,CO2,1.5676,0.3541,0.6538,Original
RSM2728,CO2,1.1124,0.381,0.8524,Original
RSM2729,CO2,1.3486,0.153,0.9601,Original
RSM2738,CO2,1.179,0.4424,0.7729,Original
RSM2742,CO2,1.2045,0.1641,0.8296,Original
RSM2752,CO2,1.2847,0.1893,0.9206,Original
RSM2754,CO2,1.2839,0.2798,0.8409,Original
RSM2759,CO2,0.8642,0.5277,0.9331,Original
RSM2771,CO2,1.168,0.2968,0.9372,Original
RSM2772,CO2,1.286,0.467,0.7553,Original
RSM2774,CO2,0.9824,0.6195,0.6821,Original
RSM2783,CO2,0.7834,0.5256,0.7255,Original
RSM2785,CO2,1.0966,0.3871,0.8637,Original
RSM2789,CO2,0.7644,0.6948,0.773,Original
RSM2800,CO2,1.1148,0.3651,0.9337,Original
RSM2808,CO2,1.1844,0.4707,0.7755,Original
RSM2817,CO2,1.811,0.2088,0.7699,Original
RSM2818,CO2,1.2024,0.2398,0.9856,Original
RSM2819,CO2,1.5026,0.2544,0.7492,Original
RSM2826,CO2,1.5286,0.2227,0.7451,Original
RSM2827,CO2,1.1649,0.4303,0.8543,Original
RSM2831,CO2,0.9874,0.5821,0.7442,Original
RSM2836,CO2,1.3144,0.1453,0.9065,Original
RSM2839,CO2,0.8262,0.6574,0.7895,Original
RSM2842,CO2,1.5274,0.2798,0.8229,Original
RSM2843,CO2,1.2094,0.4401,0.7345,Original
RSM2845,CO2,1.3146,0.3418,0.7953,Original
RSM2850,CO2,1.0815,0.3401,0.9686,Original
RSM2852,CO2,1.346,0.3102,0.795,Original
RSM2861,CO2,1.2147,0.3552,0.8536,Original
RSM2873,CO2,1.2302,0.1293,1.0421,Original
RSM2879,CO2,1.1226,0.4422,0.8048,Original
RSM2882,CO2,1.5813,0.1577,0.7975,Original
RSM2891,CO2,1.6211,0.2845,0.7436,Original
RSM2895,CO2,1.2683,0.3989,0.7594,Original
RSM2896,CO2,1.1897,0.3712,0.8086,Original
RSM2898,CO2,1.3049,0.4247,0.7424,Original
RSM2904,CO2,1.4653,0.2735,0.7554,Original
RSM2905,CO2,1.2096,0.3491,0.8693,Original
RSM2910,CO2,1.4877,0.218,0.8468,Original
RSM2922,CO2,1.6479,0.3333,0.6885,Original
RSM2924,CO2,0.9993,0.499,0.8895,Original
RSM2929,CO2,0.8453,0.4743,0.9588,Original
RSM2943,CO2,1.1682,0.1836,0.9522,Original
RSM2950,CO2,1.2939,0.3135,0.8162,Original
RSM2953,CO2,1.9893,0.2592,0.7018,Original
RSM2958,CO2,1.037,0.4358,0.8575,Original
RSM2965,CO2,0.9988,0.4136,0.9549,Original
RSM2966,CO2,0.8976,0.4538,0.898,Original
RSM2972,CO2,1.5011,0.2357,0.8316,Original
RSM2975,CO2,1.2092,0.4607,0.8055,Original
RSM2981,CO2,1.0501,0.4731,0.8114,Original
RSM2982,CO2,1.5355,0.1525,0.8018,Original
RSM2985,CO2,1.0156,0.3993,0.9385,Original
RSM2992,CO2,1.9941,0.1362,0.6539,Original
RSM2998,CO2,1.3704,0.5162,0.6004,Original
RSM3003,CO2,1.1232,0.3572,0.8519,Original
RSM3007,CO2,1.0715,0.3879,0.9034,Original
RSM3012,CO2,0.9661,0.4767,0.9097,Original
RSM3013,CO2,0.9882,0.455,0.9129,Original
RSM3015,CO2,1.3662,0.247,0.8285,Original
RSM3019,CO2,0.8079,0.6572,0.7802,Original
RSM3032,CO2,1.6999,0.1323,0.7583,Original
RSM3040,CO2,1.4084,0.2398,0.851,Original
RSM3044,CO2,1.1976,0.3175,0.9695,Original
RSM3062,CO2,0.9575,0.5159,0.8841,Original
RSM3065,CO2,1.1286,0.3888,0.8341,Original
RSM3076,CO2,1.3574,0.2008,0.8749,Original
RSM3083,CO2,1.2337,0.2404,0.916,Original
RSM3084,CO2,1.5134,0.044,0.8094,Original
RSM3092,CO2,1.2217,0.3394,0.8826,Original
RSM3110,CO2,1.1149,0.4238,0.8184,Original
RSM3120,CO2,2.1279,0.2736,0.5117,Original
RSM3126,CO2,1.1557,0.3792,0.8958,Original
RSM3130,CO2,1.0169,0.4602,0.8682,Original
RSM3145,CO2,1.2091,0.2416,0.9198,Original
RSM3148,CO2,1.3799,0.1229,0.9107,Original
RSM3150,CO2,1.2686,0.3047,0.8762,Original
RSM3159,CO2,1.529,0.1891,0.8554,Original
RSM3169,CO2,1.0957,0.4703,0.7886,Original
RSM3176,CO2,0.8676,0.605,0.8396,Original
RSM3180,CO2,1.111,0.3937,0.8275,Original
RSM3195,CO2,1.2757,0.2308,0.9135,Original
RSM3200,CO2,1.6283,0.1522,0.8225,Original
RSM3205,CO2,1.3978,0.1203,0.9257,Original
RSM3206,CO2,1.1777,0.3366,0.8874,Original
RSM3213,CO2,1.451,0.11,0.935,Original
RSM3217,CO2,1.6716,0.2663,0.6391,Original
RSM3226,CO2,0.8434,0.5506,0.9054,Original
RSM3256,CO2,1.0699,0.3521,0.9268,Original
RSM3265,CO2,0.9462,0.4499,0.8971,Original
RSM3266,CO2,1.3507,0.3634,0.721,Original
RSM3273,CO2,1.4269,0.3766,0.8048,Original
RSM3275,CO2,1.3022,0.3684,0.8103,Original
RSM3284,CO2,1.0794,0.3212,1.0307,Original
RSM3286,CO2,0.793,0.4479,1.0404,Original
RSM3287,CO2,1.0726,0.4952,0.823,Original
RSM3305,CO2,1.1637,0.2944,1.0409,Original
RSM3317,CO2,1.4142,0.3183,0.7238,Original
RSM3320,CO2,0.7487,0.665,0.8327,Original
RSM3323,CO2,0.7668,0.6843,0.7221,Original
RSM3324,CO2,1.3781,0.1502,0.9558,Original
RSM3334,CO2,0.8045,0.6808,0.7049,Original
RSM3337,CO2,0.2772,0.8382,0.9675,Original
RSM3341,CO2,1.3249,0.1682,0.8998,Original
RSM3355,CO2,0.6415,0.6327,0.9743,Original
RSM3363,CO2,0.9638,0.4569,0.8905,Original
RSM3364,CO2,1.0947,0.3407,0.8984,Original
RSM3369,CO2,2.1793,0.1159,0.6286,Original
RSM3372,CO2,1.1461,0.4668,0.7758,Original
RSM3373,CO2,0.9209,0.5764,0.8251,Original
RSM3388,CO2,1.1808,0.2352,1.0086,Original
RSM3391,CO2,0.8594,0.5269,0.9373,Original
RSM3396,CO2,0.8032,0.6503,0.7936,Original
RSM3399,CO2,0.9524,0.4082,0.977,Original
RSM3405,CO2,1.3341,0.3056,0.8908,Original
RSM3407,CO2,1.3483,0.2302,0.9087,Original
RSM3408,CO2,1.4248,0.2945,0.8127,Original
RSM3410,CO2,0.8734,0.6092,0.7165,Original
RSM3415,CO2,1.6153,0.1276,0.8643,Original
RSM3416,CO2,1.0641,0.4197,0.8738,Original
RSM3419,CO2,1.1629,0.4378,0.7946,Original
RSM3420,CO2,0.9369,0.4945,0.852,Original
RSM3423,CO2,1.1314,0.4382,0.8022,Original
RSM3426,CO2,1.1553,0.2773,0.9448,Original
RSM3438,CO2,1.6443,0.1155,0.7944,Original
RSM3442,CO2,1.4454,0.2319,0.8037,Original
RSM3455,CO2,1.1682,0.4834,0.7849,Original
RSM3457,CO2,1.0923,0.3324,0.9151,Original
RSM3461,CO2,1.2726,0.2536,0.8908,Original
RSM3468,CO2,1.3242,0.2671,0.8679,Original
RSM3469,CO2,1.302,0.1745,0.9813,Original
RSM3474,CO2,1.5085,0.311,0.7302,Original
RSM3478,CO2,0.847,0.4876,1.0248,Original
RSM3481,CO2,1.3478,0.2459,0.8351,Original
RSM3485,CO2,1.5567,0.2578,0.7235,Original
RSM3497,CO2,1.0735,0.3383,0.9741,Original
RSM3517,CO2,1.096,0.3928,0.8781,Original
RSM3545,CO2,0.718,0.6195,0.893,Original
RSM3546,CO2,1.1235,0.227,0.9377,Original
RSM3548,CO2,0.6978,0.5941,0.9652,Original
RSM3554,CO2,0.674,0.7006,0.8121,Original
RSM3565,CO2,1.0179,0.2653,1.0742,Original
RSM3582,CO2,1.1166,0.3835,0.8734,Original
RSM3594,CO2,1.4406,0.0825,0.9147,Original
RSM3596,CO2,1.4565,0.3641,0.7083,Original
RSM3604,CO2,1.4708,0.1015,0.9167,Original
RSM3610,CO2,1.4556,0.2095,0.7698,Original
RSM3616,CO2,1.6517,0.0666,0.8393,Original
RSM3629,CO2,1.6381,0.3029,0.697,Original
RSM3630,CO2,0.7565,0.6762,0.798,Original
RSM3657,CO2,0.7958,0.6122,0.8436,Original
RSM3683,CO2,0.6414,0.7123,0.8216,Original
RSM3692,CO2,0.8528,0.5677,0.8174,Original
RSM3704,CO2,0.9816,0.5599,0.7331,Original
RSM3705,CO2,0.5219,0.7544,0.8752,Original
RSM3706,CO2,1.4346,0.1653,0.8965,Original
RSM3715,CO2,0.6308,0.7156,0.8191,Original
RSM3728,CO2,0.9767,0.521,0.775,Original
RSM3735,CO2,0.915,0.51,0.8847,Original
RSM3749,CO2,0.9586,0.4057,1.0014,Original
RSM3754,CO2,0.7435,0.5809,0.9206,Original
RSM3760,CO2,1.1192,0.3751,0.7973,Original
RSM3761,CO2,1.594,0.0833,0.7648,Original
RSM3765,CO2,1.3009,0.2504,0.898,Original
RSM3766,CO2,0.7116,0.5718,0.9532,Original
RSM3770,CO2,0.725,0.5499,0.9661,Original
RSM3775,CO2,1.1948,0.35,0.8291,Original
RSM3784,CO2,0.911,0.565,0.7809,Original
RSM3793,CO2,1.0574,0.4869,0.829,Original
RSM3796,CO2,1.1617,0.4257,0.7546,Original
RSM3799,CO2,1.482,0.1855,0.9049,Original
RSM3801,CO2,1.3554,0.4349,0.6751,Original
RSM3812,CO2,1.4953,0.3815,0.6883,Original
RSM3820,CO2,1.145,0.5403,0.7052,Original
RSM3823,CO2,1.3558,0.254,0.8745,Original
RSM3830,CO2,0.9893,0.4867,0.8887,Original
RSM3834,CO2,1.0556,0.1861,1.2186,Original
RSM3843,CO2,0.4547,0.7759,0.8587,Original
RSM3845,CO2,0.5599,0.7215,0.8722,Original
RSM3846,CO2,1.0683,0.1789,1.1419,Original
RSM3849,CO2,1.0767,0.3438,0.9809,Original
RSM3850,CO2,1.0807,0.3371,0.991,Original
RSM3860,CO2,1.2304,0.1632,0.8629,Original
RSM3864,CO2,1.3238,0.2998,0.8405,Original
RSM3865,CO2,1.0714,0.2617,1.0107,Original
RSM3875,CO2,1.2708,0.2463,0.8812,Original
RSM3889,CO2,0.5249,0.7473,0.8376,Original
RSM3891,CO2,0.6624,0.6258,0.9839,Original
RSM3898,CO2,1.4134,0.2607,0.7736,Original
RSM3905,CO2,1.3947,0.0929,0.8884,Original
RSM3908,CO2,1.3184,0.1593,0.9512,Original
RSM3912,CO2,0.9749,0.5333,0.8527,Original
RSM3918,CO2,1.3006,0.1769,0.9623,Original
RSM3966,CO2,1.3741,0.256,0.8784,Original
RSM3971,CO2,1.0129,0.359,0.951,Original
RSM3985,CO2,1.053,0.4406,0.8185,Original
RSM3992,CO2,0.1637,0.9124,0.9299,Original
RSM3993,CO2,0.7615,0.5887,0.8981,Original
RSM3997,CO2,1.0625,0.4236,0.845,Original
RSM4006,CO2,1.2934,0.1582,0.9723,Original
RSM4009,CO2,0.6956,0.5962,0.9177,Original
RSM4015,CO2,1.0496,0.4061,0.8805,Original
RSM4021,CO2,1.5013,0.16,0.8195,Original
RSM4023,CO2,1.3865,0.1957,0.8367,Original
RSM4030,CO2,0.6526,0.7515,0.6275,Original
RSM4038,CO2,0.8672,0.4676,0.9786,Original
RSM4040,CO2,0.363,0.7906,0.9634,Original
RSM4054,CO2,1.323,0.2806,0.848,Original
RSM4062,CO2,0.6914,0.6601,0.8613,Original
RSM4063,CO2,1.0043,0.5697,0.7727,Original
RSM4068,CO2,0.8693,0.5065,0.9014,Original
RSM4072,CO2,1.2176,0.1983,0.9231,Original
RSM4079,CO2,0.8398,0.5534,0.8641,Original
RSM4082,CO2,0.5995,0.7564,0.7584,Original
RSM4092,CO2,1.2457,0.1858,0.9491,Original
RSM4098,CO2,1.4898,0.5597,0.4354,Original
RSM4109,CO2,1.3698,0.2724,0.7832,Original
RSM4117,CO2,1.1903,0.2078,1.0088,Original
RSM4119,CO2,1.5152,0.0863,0.8878,Original
RSM4127,CO2,0.5887,0.6542,0.9923,Original
RSM4133,CO2,1.1102,0.24,0.9542,Original
RSM4136,CO2,1.2689,0.1166,0.9643,Original
RSM4144,CO2,1.1155,0.3577,0.8817,Original
RSM4160,CO2,1.1095,0.2485,0.96,Original
RSM4167,CO2,1.5708,0.2654,0.7921,Original
RSM4175,CO2,0.9147,0.4918,0.873,Original
RSM4181,CO2,1.3341,0.0677,0.9763,Original
RSM4197,CO2,1.9524,0.1118,0.7217,Original
RSM4199,CO2,1.9192,0.126,0.7228,Original
RSM4210,CO2,0.8441,0.5296,0.9104,Original
RSM4212,CO2,1.2705,0.2331,0.8858,Original
RSM4216,CO2,1.329,0.1599,0.9138,Original
RSM4228,CO2,0.8375,0.5365,0.9286,Original
RSM4230,CO2,1.4007,0.3066,0.7847,Original
RSM4232,CO2,1.3617,0.1504,0.9524,Original
RSM4237,CO2,0.8337,0.5322,0.9007,Original
RSM4240,CO2,0.3981,0.7866,0.917,Original
RSM4241,CO2,0.6553,0.6407,0.9707,Original
RSM4255,CO2,0.8222,0.4999,0.9014,Original
RSM4258,CO2,1.4045,0.3664,0.7284,Original
RSM4260,CO2,1.2383,0.3202,0.8328,Original
RSM4271,CO2,1.0317,0.332,0.9653,Original
RSM4278,CO2,0.6416,0.7673,0.7074,Original
RSM4290,CO2,0.8529,0.5001,0.9115,Original
RSM4294,CO2,0.9744,0.4456,0.8891,Original
RSM4297,CO2,1.6787,0.1801,0.744,Original
RSM4298,CO2,1.832,0.1566,0.7093,Original
RSM4306,CO2,0.6066,0.7287,0.8295,Original
RSM4311,CO2,0.5733,0.7403,0.856,Original
RSM4322,CO2,1.0892,0.3232,0.9286,Original
RSM4327,CO2,0.7741,0.6385,0.7736,Original
RSM4338,CO2,1.2282,0.0851,0.9929,Original
RSM4356,CO2,2.0372,0.3165,0.6858,Original
RSM4357,CO2,0.9905,0.4419,0.8474,Original
RSM4362,CO2,0.678,0.5833,0.9435,Original
RSM4364,CO2,1.1118,0.3475,0.8915,Original
RSM4370,CO2,0.6916,0.7045,0.7672,Original
RSM4380,CO2,1.2925,0.1771,0.8361,Original
RSM4385,CO2,1.2696,0.3197,0.7542,Original
RSM4397,CO2,0.2883,0.8245,0.9638,Original
RSM4412,CO2,0.9941,0.3944,0.9256,Original
RSM4419,CO2,0.7457,0.6868,0.7726,Original
RSM4456,CO2,1.4019,0.4232,0.6744,Original
RSM4457,CO2,1.0761,0.4767,0.751,Original
RSM4460,CO2,0.9577,0.303,1.1204,Original
RSM4464,CO2,0.8455,0.4995,0.9361,Original
RSM4480,CO2,0.7631,0.5421,0.9577,Original
RSM4489,CO2,1.0661,0.2597,1.0186,Original
RSM4490,CO2,0.4747,0.7709,0.8565,Original
RSM4491,CO2,0.8672,0.4807,0.9404,Original
RSM4506,CO2,0.9344,0.2469,1.2095,Original
RSM4509,CO2,1.3465,0.1943,0.9205,Original
RSM4517,CO2,0.5202,0.6871,0.9776,Original
RSM4548,CO2,1.5542,0.1812,0.8048,Original
RSM4556,CO2,0.4249,0.7621,0.9271,Original
RSM4560,CO2,0.5577,0.7168,0.8795,Original
RSM4564,CO2,1.0126,0.0516,1.0116,Original
RSM4565,CO2,1.0047,0.0541,1.0111,Original
RSM4579,CO2,0.5006,0.7255,0.9057,Original
RSM4599,CO2,0.94,0.3634,0.8741,Original
RSM4602,CO2,0.7324,0.5011,0.9486,Original
RUBTAK,CO2,1.214,0.5083,0.7646,Original
RUBTAK-NH2,CO2,1.2717,0.4623,0.7981,Original
RUPRUQ-NH2,CO2,0.8414,0.5997,0.8931,Original
RUSWIN_clean,CO2,1.27344,0.43232,0.733675618,Feedback
RUVKAV,CO2,0.5884,0.7564,0.8216,Original
SAHYIK,CO2,0.5768,0.7767,0.7591,Original
scu+N169+N393_E219_charge,CO2,1.7645,0.3498,0.533,Original
scu+N175+N271_E152_charge,CO2,1.1572,0.2411,0.9717,Original
scu+N462+N564_E48_charge,CO2,1.6291,0.0954,0.8739,Original
scu+N587+N46_E11_charge,CO2,0.8158,0.4859,1.0077,Original
scu+N78+N13_E159_charge,CO2,1.1138,0.3165,0.9246,Original
scu+N78+N705_E141_charge,CO2,0.7862,0.508,0.9554,Original
SEQSOY_clean,CO2,1.00925,0.50156,0.872689205,Feedback
SIQQEO_clean,CO2,1.02212,0.46762,0.945519805,Feedback
str_m2_o1_o17_pcu_sym.129,CO2,1.0924,0.3124,0.987,Original
str_m2_o1_o19_pcu_sym.61,CO2,1.0042,0.3634,0.9938,Original
str_m2_o1_o9_pcu_sym.185,CO2,1.2927,0.2908,0.9017,Original
str_m2_o10_o14_pcu_sym.22,CO2,1.4,0.3278,0.8361,Original
str_m2_o10_o17_pcu_sym.90,CO2,1.23,0.4538,0.7568,Feedback
str_m2_o10_o26_pcu_sym.188,CO2,0.9623,0.4437,0.9206,Original
str_m2_o10_o28_pcu_sym.57,CO2,1.0661,0.4391,0.8726,Original
str_m2_o10_o28_pcu_sym.58,CO2,1.2141,0.3483,0.8798,Original
str_m2_o10_o29_pcu_sym.103,CO2,1.0481,0.45608,0.84427698,Feedback
str_m2_o10_o29_pcu_sym.141,CO2,0.945287,0.52702,0.870431253,Feedback
str_m2_o10_o29_pcu_sym.17,CO2,0.922057,0.53335,0.87619814,Feedback
str_m2_o10_o29_pcu_sym.177,CO2,0.924576,0.54874,0.843299558,Feedback
str_m2_o10_o29_pcu_sym.193,CO2,1.1134,0.3957,0.8802,Original
str_m2_o10_o29_pcu_sym.233,CO2,1.00806,0.46891,0.92194399,Feedback
str_m2_o10_o29_pcu_sym.238,CO2,1.1931,0.3895,0.8605,Original
str_m2_o10_o29_pcu_sym.38,CO2,1.1927,0.3815,0.8613,Original
str_m2_o10_o29_pcu_sym.64,CO2,1.1139,0.4122,0.9052,Original
str_m2_o10_o29_pcu_sym.82,CO2,1.0935,0.3849,0.9057,Original
str_m2_o10_o29_pcu_sym.84,CO2,1.099,0.447,0.8859,Feedback
str_m2_o13_o22_pcu_sym.93,CO2,1.0397,0.3245,1.0097,Original
str_m2_o14_o14_pcu_sym.48,CO2,1.4088,0.2957,0.9052,Original
str_m2_o14_o17_pcu_sym.222,CO2,1.141,0.2749,0.9584,Original
str_m2_o14_o22_pcu_sym.121,CO2,1.1703,0.3601,0.8951,Original
str_m2_o14_o22_pcu_sym.239,CO2,1.1609,0.3489,0.8971,Original
str_m2_o14_o23_pcu_sym.139,CO2,0.9841,0.3558,0.9943,Original
str_m2_o16_o16_pcu_sym.177,CO2,1.0249,0.3694,0.9289,Original
str_m2_o38_o40_fof_sym.70,CO2,1.02951,0.49497,0.8292249,Feedback
str_m2_o4_o9_pcu_sym.40,CO2,1.1187,0.3516,0.9114,Original
str_m2_o40_o40_fof_sym.19,CO2,0.929092,0.63333,0.763358481,Feedback
str_m2_o40_o41_fof_sym.25,CO2,1.13193,0.51812,0.772453966,Feedback
str_m2_o5_o29_pcu_sym.102,CO2,1.12619,0.50141,0.82006444,Feedback
str_m2_o5_o29_pcu_sym.50,CO2,0.9836,0.5255,0.9173,Original
str_m2_o5_o29_pcu_sym.83,CO2,0.9561,0.425,0.9502,Original
str_m2_o9_o14_pcu_sym.72,CO2,1.1999,0.2838,0.9199,Original
str_m2_o9_o18_pcu_sym.31,CO2,1.1825,0.3253,0.9261,Original
str_m2_o9_o19_pcu_sym.13,CO2,1.1404,0.3063,0.9413,Original
str_m2_o9_o19_pcu_sym.99,CO2,1.1911,0.3021,0.9049,Original
str_m3_o1_o12_pcu_sym.96,CO2,1.179,0.2653,0.9741,Original
str_m3_o1_o22_pcu_sym.190,CO2,1.0601,0.3827,0.9574,Original
str_m3_o1_o6_pcu_sym.147,CO2,0.9981,0.3581,0.9805,Original
str_m3_o1_o9_pcu_sym.206,CO2,1.2462,0.3075,0.9422,Original
str_m3_o10_o14_pcu_sym.41,CO2,1.233,0.4344,0.8036,Original
str_m3_o10_o14_pcu_sym.51,CO2,1.2855,0.3123,0.8602,Original
str_m3_o10_o15_pcu_sym.28,CO2,1.3957,0.3449,0.8422,Original
str_m3_o10_o15_pcu_sym.33,CO2,1.4272,0.4049,0.7791,Original
str_m3_o10_o16_pcu_sym.105,CO2,1.1889,0.3666,0.8467,Original
str_m3_o10_o16_pcu_sym.149,CO2,1.2139,0.3843,0.872,Original
str_m3_o10_o16_pcu_sym.41,CO2,1.26,0.2672,0.8663,Original
str_m3_o10_o17_pcu_sym.108,CO2,1.0515,0.4681,0.8633,Original
str_m3_o10_o17_pcu_sym.189,CO2,1.1589,0.3986,0.8309,Feedback
str_m3_o10_o18_pcu_sym.55,CO2,1.2712,0.3366,0.8563,Original
str_m3_o10_o28_pcu_sym.16,CO2,1.1259,0.4185,0.8751,Original
str_m3_o10_o28_pcu_sym.181,CO2,1.03008,0.41058,0.932257747,Feedback
str_m3_o10_o28_pcu_sym.35,CO2,1.0171,0.4202,0.888,Original
str_m3_o10_o28_pcu_sym.50,CO2,1.2649,0.2026,0.8373,Original
str_m3_o10_o28_pcu_sym.93,CO2,1.01271,0.49625,0.860586446,Feedback
str_m3_o10_o29_pcu_sym.121,CO2,1.4231,0.1964,0.693,Original
str_m3_o10_o29_pcu_sym.165,CO2,1.10715,0.36931,0.90847542,Feedback
str_m3_o10_o29_pcu_sym.227,CO2,0.975,0.4111,0.9498,Original
str_m3_o10_o29_pcu_sym.24,CO2,1.2716,0.3566,0.7622,Original
str_m3_o10_o29_pcu_sym.37,CO2,0.9997,0.4114,0.9268,Original
str_m3_o10_o29_pcu_sym.45,CO2,1.00882,0.42744,0.90566074,Feedback
str_m3_o10_o29_pcu_sym.55,CO2,0.9804,0.408,0.9511,Original
str_m3_o12_o13_pcu_sym.234,CO2,1.102,0.2593,0.9934,Original
str_m3_o12_o15_pcu_sym.174,CO2,1.1854,0.3323,0.8444,Original
str_m3_o14_o14_pcu_sym.131,CO2,1.3911,0.2959,0.8093,Original
str_m3_o14_o16_pcu_sym.116,CO2,1.1888,0.2849,0.9187,Original
str_m3_o14_o16_pcu_sym.244,CO2,1.3412,0.3168,0.8605,Original
str_m3_o22_o22_pcu_sym.40,CO2,1.3888,0.2397,0.9341,Original
str_m3_o4_o16_pcu_sym.143,CO2,1.2321,0.2786,0.9556,Original
str_m3_o4_o17_pcu_sym.145,CO2,1.1088,0.2906,0.945,Original
str_m3_o4_o22_pcu_sym.72,CO2,1.059,0.365,0.9359,Original
str_m3_o4_o5_pcu_sym.243,CO2,1.1403,0.3839,0.9052,Original
str_m3_o4_o9_pcu_sym.187,CO2,1.2666,0.2845,0.9362,Original
str_m3_o40_o40_fof_sym.44,CO2,1.09673,0.42361,0.880765747,Feedback
str_m3_o40_o41_fof_sym.41,CO2,1.2452,0.55595,0.635646839,Feedback
str_m3_o41_o41_fof_sym.27,CO2,1.07822,0.43243,0.906774219,Feedback
str_m3_o5_o13_pcu_sym.93,CO2,1.1481,0.3924,0.877,Original
str_m3_o5_o29_pcu_sym.76,CO2,0.943257,0.47112,0.949679125,Feedback
str_m3_o5_o29_pcu_sym.79,CO2,0.9842,0.4869,0.9429,Original
str_m4_o1_o11_acs_sym.5,CO2,1.3749,0.283,0.8767,Original
str_m4_o1_o14_acs_sym.10,CO2,1.3355,0.1557,0.8948,Original
str_m4_o1_o14_acs_sym.139,CO2,1.4326,0.2949,0.8524,Original
str_m4_o1_o14_acs_sym.44,CO2,1.2337,0.381,0.8453,Original
str_m4_o1_o15_acs_sym.167,CO2,1.3128,0.3416,0.8629,Original
str_m4_o1_o15_acs_sym.172,CO2,1.3987,0.2842,0.8604,Original
str_m4_o1_o15_acs_sym.33,CO2,1.3624,0.3115,0.8671,Original
str_m4_o1_o22_acs_sym.155,CO2,1.408,0.3077,0.8541,Original
str_m4_o1_o22_acs_sym.202,CO2,1.5039,0.3246,0.8342,Original
str_m4_o1_o22_acs_sym.203,CO2,1.3113,0.2989,0.89,Original
str_m4_o1_o22_acs_sym.22,CO2,1.4139,0.2933,0.8434,Original
str_m4_o1_o22_acs_sym.73,CO2,1.1764,0.4062,0.8765,Original
str_m4_o1_o22_acs_sym.92,CO2,1.3074,0.3698,0.827,Original
str_m4_o1_o24_acs_sym.131,CO2,1.16817,0.42023,0.85008764,Feedback
str_m4_o1_o4_acs_sym.145,CO2,1.3373,0.2779,0.8729,Original
str_m4_o1_o4_acs_sym.170,CO2,1.2994,0.3242,0.8617,Original
str_m4_o1_o4_acs_sym.68,CO2,1.4326,0.2526,0.8634,Original
str_m4_o1_o4_acs_sym.81,CO2,1.4214,0.2609,0.8677,Original
str_m4_o11_o15_acs_sym.209,CO2,1.1336,0.417,0.8764,Original
str_m4_o11_o22_acs_sym.172,CO2,1.1063,0.44302,0.874834911,Feedback
str_m4_o11_o22_acs_sym.203,CO2,1.294,0.3865,0.8276,Original
str_m4_o11_o22_acs_sym.225,CO2,1.2313,0.3267,0.9015,Original
str_m4_o11_o22_acs_sym.282,CO2,1.241,0.3436,0.9106,Original
str_m4_o11_o22_acs_sym.57,CO2,1.4181,0.3409,0.8292,Original
str_m4_o12_o15_acs_sym.133,CO2,1.2729,0.3198,0.9008,Original
str_m4_o12_o15_acs_sym.171,CO2,1.3277,0.2925,0.8926,Original
str_m4_o12_o15_acs_sym.218,CO2,1.3813,0.2748,0.9008,Original
str_m4_o14_o14_acs_sym.115,CO2,1.3662,0.2641,0.8828,Original
str_m4_o14_o14_acs_sym.127,CO2,1.5355,0.276,0.8343,Original
str_m4_o14_o14_acs_sym.41,CO2,1.5513,0.1132,0.8637,Original
str_m4_o14_o22_acs_sym.127,CO2,1.4855,0.1202,0.887,Original
str_m4_o14_o22_acs_sym.54,CO2,1.4275,0.2077,0.8815,Original
str_m4_o14_o22_acs_sym.98,CO2,1.4965,0.1168,0.901,Original
str_m4_o14_o24_acs_sym.190,CO2,1.4391,0.2467,0.8623,Original
str_m4_o17_o17_acs_sym.107,CO2,0.917579,0.50752,0.887738355,Feedback
str_m4_o17_o17_acs_sym.124,CO2,1.0075,0.4175,0.9201,Original
str_m4_o17_o17_acs_sym.171,CO2,1.194,0.3693,0.8922,Original
str_m4_o17_o17_acs_sym.22,CO2,1.0709,0.3957,0.9278,Original
str_m4_o17_o17_acs_sym.32,CO2,1.0489,0.3534,0.9454,Original
str_m4_o2_o17_acs_sym.99,CO2,0.9936,0.3635,0.9622,Original
str_m4_o22_o22_acs_sym.116,CO2,1.2539,0.3188,0.9408,Original
str_m4_o22_o22_acs_sym.26,CO2,1.2652,0.3611,0.9364,Original
str_m4_o22_o22_acs_sym.29,CO2,1.2295,0.3628,0.9387,Original
str_m4_o22_o22_acs_sym.73,CO2,1.326,0.3183,0.9162,Original
str_m4_o22_o22_acs_sym.91,CO2,1.335,0.3536,0.8617,Original
str_m4_o22_o22_acs_sym.97,CO2,1.2182,0.3752,0.9259,Original
str_m4_o22_o24_acs_sym.130,CO2,1.2324,0.3777,0.9124,Original
str_m4_o22_o24_acs_sym.2,CO2,1.2445,0.359,0.9177,Original
str_m4_o22_o24_acs_sym.30,CO2,1.2606,0.3597,0.9119,Original
str_m4_o22_o24_acs_sym.66,CO2,1.2635,0.3353,0.926,Original
str_m4_o22_o24_acs_sym.91,CO2,1.279,0.3551,0.9153,Original
str_m4_o4_o11_acs_sym.161,CO2,1.5161,0.1096,0.8497,Original
str_m4_o4_o11_acs_sym.80,CO2,1.3284,0.2961,0.8826,Original
str_m4_o4_o14_acs_sym.127,CO2,1.3713,0.2572,0.8807,Original
str_m4_o4_o14_acs_sym.3,CO2,1.401,0.3052,0.8515,Original
str_m4_o4_o15_acs_sym.13,CO2,1.4193,0.1205,0.8896,Original
str_m4_o4_o15_acs_sym.20,CO2,1.4601,0.2242,0.8854,Original
str_m4_o4_o22_acs_sym.111,CO2,1.3204,0.3179,0.8686,Original
str_m4_o4_o22_acs_sym.138,CO2,1.3266,0.3007,0.8843,Original
str_m4_o4_o22_acs_sym.167,CO2,1.4076,0.2595,0.8695,Original
str_m4_o4_o22_acs_sym.183,CO2,1.3116,0.2924,0.8815,Original
str_m4_o4_o4_acs_sym.127,CO2,1.2558,0.3467,0.8712,Original
str_m4_o4_o5_acs_sym.113,CO2,1.3522,0.3191,0.8674,Original
str_m4_o4_o5_acs_sym.136,CO2,1.3805,0.2989,0.8505,Original
str_m4_o4_o9_acs_sym.52,CO2,1.5394,0.2227,0.836,Original
str_m4_o5_o14_acs_sym.104,CO2,1.3269,0.3497,0.8469,Original
str_m4_o5_o14_acs_sym.175,CO2,1.3297,0.3019,0.8609,Original
str_m4_o5_o24_acs_sym.154,CO2,1.2688,0.4178,0.8156,Original
str_m4_o5_o24_acs_sym.178,CO2,1.3786,0.3277,0.8444,Original
str_m4_o5_o24_acs_sym.220,CO2,1.27952,0.41264,0.817976607,Feedback
str_m4_o7_o7_acs_sym.141,CO2,0.914943,0.42988,0.972112437,Feedback
str_m5_o1_o16_sra_sym.18,CO2,0.9904,0.4543,0.9097,Original
str_m5_o1_o16_sra_sym.187,CO2,1.176,0.4044,0.8668,Original
str_m5_o1_o16_sra_sym.67,CO2,1.07365,0.41029,0.92817997,Feedback
str_m5_o1_o16_sra_sym.71,CO2,1.2364,0.4004,0.8279,Original
str_m5_o1_o16_sra_sym.97,CO2,1.0987,0.4295,0.89,Original
str_m5_o1_o17_sra_sym.50,CO2,1.0254,0.3614,0.9561,Original
str_m5_o1_o17_sra_sym.58,CO2,1.0663,0.4031,0.9178,Original
str_m5_o1_o18_sra_sym.15,CO2,1.0221,0.496,0.8721,Feedback
str_m5_o1_o18_sra_sym.27,CO2,1.02195,0.48562,0.872010147,Feedback
str_m5_o1_o18_sra_sym.28,CO2,0.915055,0.51633,0.917776761,Feedback
str_m5_o1_o18_sra_sym.33,CO2,0.988556,0.48048,0.913597205,Feedback
str_m5_o1_o18_sra_sym.55,CO2,0.961592,0.47888,0.936538163,Feedback
str_m5_o1_o18_sra_sym.61,CO2,1.0047,0.4321,0.9345,Original
str_m5_o1_o2_sra_sym.48,CO2,1.17158,0.39784,0.886160075,Feedback
str_m5_o10_o29_sra_sym.117,CO2,1.0541,0.3775,0.9686,Original
str_m5_o10_o29_sra_sym.172,CO2,0.9616,0.4096,0.9602,Original
str_m5_o10_o29_sra_sym.189,CO2,1.02219,0.49368,0.873921036,Feedback
str_m5_o10_o29_sra_sym.205,CO2,0.910916,0.51438,0.932724365,Feedback
str_m5_o10_o29_sra_sym.31,CO2,0.950083,0.47916,0.916520463,Feedback
str_m5_o10_o29_sra_sym.41,CO2,0.968026,0.44469,0.948705219,Feedback
str_m5_o10_o29_sra_sym.5,CO2,0.937321,0.4501,0.950934405,Feedback
str_m5_o10_o29_sra_sym.85,CO2,0.94031,0.50084,0.90103864,Feedback
str_m5_o11_o16_sra_sym.124,CO2,0.9708,0.4823,0.8895,Original
str_m5_o11_o16_sra_sym.127,CO2,1.0366,0.4391,0.8957,Original
str_m5_o11_o16_sra_sym.128,CO2,0.976,0.4891,0.8764,Original
str_m5_o11_o16_sra_sym.151,CO2,1.0478,0.435,0.9072,Original
str_m5_o11_o16_sra_sym.162,CO2,1.0127,0.4547,0.8917,Original
str_m5_o11_o16_sra_sym.174,CO2,0.986563,0.47953,0.908261352,Feedback
str_m5_o11_o16_sra_sym.189,CO2,1.0778,0.4411,0.8565,Original
str_m5_o11_o16_sra_sym.4,CO2,0.9643,0.4978,0.8908,Original
str_m5_o11_o16_sra_sym.80,CO2,0.9671,0.4908,0.8911,Original
str_m5_o11_o16_sra_sym.83,CO2,1.0903,0.3602,0.9232,Original
str_m5_o11_o18_sra_sym.132,CO2,0.9242,0.4648,0.9388,Original
str_m5_o11_o18_sra_sym.137,CO2,0.911527,0.5213,0.929107047,Feedback
str_m5_o11_o18_sra_sym.22,CO2,0.99,0.3923,0.9655,Original
str_m5_o11_o18_sra_sym.57,CO2,0.9262,0.4541,0.9422,Original
str_m5_o11_o18_sra_sym.8,CO2,1.04725,0.43589,0.8725633,Feedback
str_m5_o12_o18_sra_sym.99,CO2,1.3414,0.262,0.925,Original
str_m5_o13_o16_sra_sym.13,CO2,1.116,0.1887,1.0085,Original
str_m5_o13_o16_sra_sym.45,CO2,0.986002,0.45384,0.945377144,Feedback
str_m5_o13_o22_sra_sym.235,CO2,1.3513,0.1978,0.9322,Original
str_m5_o16_o16_sra_sym.3,CO2,1.1047,0.4775,0.8436,Original
str_m5_o16_o16_sra_sym.34,CO2,0.909978,0.52095,0.923395871,Feedback
str_m5_o16_o16_sra_sym.37,CO2,0.9914,0.4472,0.9455,Feedback
str_m5_o16_o16_sra_sym.39,CO2,0.909977,0.5209,0.923425254,Feedback
str_m5_o16_o16_sra_sym.43,CO2,1.0428,0.4488,0.9116,Original
str_m5_o16_o16_sra_sym.62,CO2,0.909959,0.52094,0.923445215,Feedback
str_m5_o16_o16_sra_sym.77,CO2,1.0025,0.4205,0.9703,Feedback
str_m5_o16_o17_sra_sym.6,CO2,1.0727,0.41842,0.893060061,Feedback
str_m5_o16_o19_sra_sym.15,CO2,0.9772,0.4785,0.948,Original
str_m5_o16_o24_sra_sym.108,CO2,1.1468,0.3803,0.8686,Original
str_m5_o16_o24_sra_sym.92,CO2,1.1099,0.3714,0.8887,Original
str_m5_o17_o22_sra_sym.36,CO2,1.1278,0.264,0.9651,Original
str_m5_o17_o22_sra_sym.44,CO2,1.0608,0.2484,0.9833,Original
str_m5_o18_o18_sra_sym.11,CO2,1.08531,0.38693,0.892243724,Feedback
str_m5_o18_o18_sra_sym.23,CO2,1.0783,0.38006,0.947772088,Feedback
str_m5_o18_o18_sra_sym.27,CO2,1.087,0.3809,0.9004,Feedback
str_m5_o18_o18_sra_sym.38,CO2,0.992384,0.40235,0.938163656,Feedback
str_m5_o18_o18_sra_sym.54,CO2,0.992429,0.40271,0.937913902,Feedback
str_m5_o18_o18_sra_sym.57,CO2,0.9924,0.4021,0.9277,Original
str_m5_o18_o19_sra_sym.43,CO2,1.0064,0.4119,0.9521,Original
str_m5_o18_o19_sra_sym.88,CO2,0.8747,0.5152,0.9539,Original
str_m5_o18_o22_sra_sym.67,CO2,0.9694,0.4002,0.9292,Original
str_m5_o18_o24_sra_sym.80,CO2,1.0423,0.3977,0.8947,Original
str_m5_o18_o29_sra_sym.17,CO2,1.6223,0.1815,0.7705,Original
str_m5_o2_o17_sra_sym.25,CO2,1.0862,0.4201,0.8812,Original
str_m5_o2_o17_sra_sym.7,CO2,1.09228,0.3712,0.933965898,Feedback
str_m5_o2_o19_sra_sym.116,CO2,1.0285,0.4846,0.9353,Original
str_m5_o2_o19_sra_sym.12,CO2,1.031,0.4855,0.92,Original
str_m5_o2_o19_sra_sym.141,CO2,1.1379,0.4229,0.896,Original
str_m5_o2_o19_sra_sym.53,CO2,1.1379,0.4222,0.896,Original
str_m5_o2_o19_sra_sym.7,CO2,1.0653,0.4602,0.9138,Original
str_m5_o2_o20_sra_sym.119,CO2,1.1686,0.3257,0.951,Original
str_m5_o2_o25_sra_sym.67,CO2,0.982768,0.48282,0.885435804,Feedback
str_m5_o25_o25_sra_sym.42,CO2,1.0351,0.3118,1.064,Original
str_m5_o4_o16_sra_sym.35,CO2,1.1225,0.3777,0.8886,Original
str_m5_o4_o16_sra_sym.5,CO2,1.0744,0.4233,0.8967,Original
str_m5_o4_o16_sra_sym.60,CO2,1.0767,0.403,0.9047,Original
str_m5_o4_o16_sra_sym.65,CO2,1.1434,0.4173,0.8621,Original
str_m5_o4_o16_sra_sym.66,CO2,1.0941,0.4071,0.9037,Original
str_m5_o4_o18_sra_sym.107,CO2,1.1344,0.4018,0.89,Original
str_m5_o4_o24_sra_sym.100,CO2,1.2236,0.3188,0.9311,Original
str_m5_o4_o4_sra_sym.69,CO2,1.2802,0.1611,0.9162,Original
str_m5_o5_o16_sra_sym.88,CO2,1.1208,0.3826,0.9265,Original
str_m5_o5_o18_sra_sym.78,CO2,1.1557,0.3991,0.8946,Original
str_m6_o42_o47_etb_sym.114,CO2,1.4818,0.1679,0.8086,Original
str_m6_o42_o49_etb_sym.13,CO2,1.4194,0.1926,0.8501,Original
str_m6_o43_o48_etb_sym.93,CO2,1.7401,0.1411,0.8336,Original
str_m6_o46_o55_etb_sym.130,CO2,1.7598,0.1213,0.847,Original
str_m6_o46_o55_etb_sym.75,CO2,1.5538,0.1576,0.8483,Original
str_m6_o46_o56_etb_sym.177,CO2,1.4563,0.1931,0.8616,Original
str_m6_o46_o56_etb_sym.5,CO2,1.6082,0.1483,0.8547,Original
str_m6_o46_o56_etb_sym.58,CO2,1.8701,0.1081,0.7855,Original
str_m6_o46_o57_etb_sym.19,CO2,1.5746,0.1628,0.8391,Original
str_m6_o46_o57_etb_sym.22,CO2,1.5494,0.1475,0.8773,Original
str_m6_o46_o57_etb_sym.3,CO2,1.7236,0.1597,0.8101,Original
str_m6_o47_o49_etb_sym.75,CO2,1.6625,0.094,0.8374,Original
str_m6_o47_o55_etb_sym.65,CO2,1.5012,0.161,0.8618,Original
str_m7_o10_o24_bcu_sym.128,CO2,1.068,0.3895,0.8827,Original
str_m7_o10_o24_bcu_sym.56,CO2,1.2218,0.3254,0.917,Original
SUKXUS01,CO2,0.3713,0.8291,0.8381,Original
SUNJIV_clean,CO2,1.36084,0.4769,0.643416254,Feedback
SUNJOB_clean,CO2,1.37509,0.47884,0.639825837,Feedback
tfz-d+N329+N196_E12_charge,CO2,1.549,0.1766,0.805,Original
tfz-d+N550+N63_E65_charge,CO2,1.4594,0.1149,0.8528,Original
TOXNEB_clean,CO2,1.06886,0.48283,0.947953866,Feedback
TUKCOT_clean,CO2,1.1597,0.42852,0.75168827,Feedback
UCUTIW_clean,CO2,1.00359,0.49698,0.815762113,Feedback
UFUMUD,CO2,1.4941,0.2062,0.8795,Original
UIO66-NH2,CO2,1.274,0.463,0.795,Original
UKUCAF_clean,CO2,1.05667,0.37993,0.943087979,Feedback
UWOWAF_clean,CO2,1.16308,0.44106,0.771662818,Feedback
v0_acs+N433+371,CO2,0.7264,0.6964,0.8346,Original
v0_ant+N442+202,CO2,0.7619,0.6796,0.7244,Original
v0_bcg+N131+132,CO2,1.069,0.4278,0.8417,Original
v0_bcg+N131+136,CO2,0.9858,0.4575,0.8576,Original
v0_bcg+N131+142,CO2,0.7343,0.5196,0.9821,Original
v0_bcg+N131+156,CO2,0.8701,0.6245,0.7775,Original
v0_bcg+N131+170,CO2,0.9767,0.3676,0.9647,Original
v0_bcg+N131+288,CO2,0.7954,0.6076,0.8325,Original
v0_bcg+N131+49,CO2,1.2102,0.4294,0.7721,Original
v0+bcg+N131+345,CO2,1.0925,0.466,0.7953,Original
v0+bcg+N131+726,CO2,0.7165,0.5219,0.9667,Original
v0+bcg+N131+733,CO2,0.7556,0.5966,0.8825,Original
v0+bcg+N131+823,CO2,0.7482,0.538,0.9249,Original
v0+bcu+N131+1164,CO2,0.9038,0.5809,0.7888,Original
v0+bcu+N131+230,CO2,1.0706,0.4869,0.7549,Original
v0+bcu+N131+262,CO2,0.926,0.5518,0.8192,Original
v0+bcu+N131+319,CO2,1.2619,0.5567,0.5331,Original
v0+bcu+N131+466,CO2,0.8819,0.5656,0.8113,Original
v0+bcu+N131+634,CO2,1.0608,0.5602,0.6986,Original
v0+bcu+N131+644,CO2,0.9121,0.4861,0.8842,Original
v0+bcu+N131+656,CO2,0.7765,0.7014,0.5964,Original
v0+bcu+N131+742,CO2,0.9389,0.507,0.8477,Original
v0+crb+N520+1158,CO2,0.5201,0.7399,0.8001,Original
v0+csq+N131+1257,CO2,0.5598,0.7014,0.8482,Original
v0+csq+N131+186,CO2,0.7378,0.643,0.8054,Original
v0+csq+N131+306,CO2,0.8325,0.5473,0.84,Original
v0+dia+N520+1783,CO2,0.2144,0.8798,0.8977,Original
v0+dia+N520+459,CO2,0.3827,0.8376,0.6942,Original
v0+dmp+N32+664,CO2,1.1611,0.4276,0.7133,Original
v0+dmp+N520+1132,CO2,0.2702,0.8757,0.7718,Original
v0+dmp+N520+1157,CO2,0.6696,0.672,0.8194,Original
v0+dmp+N520+1184,CO2,0.7633,0.6634,0.7417,Original
v0+dmp+N520+1193,CO2,0.6119,0.6922,0.8109,Original
v0+dmp+N520+1220,CO2,0.6081,0.6847,0.8543,Original
v0+dmp+N520+1237,CO2,0.8334,0.5569,0.831,Original
v0+dmp+N520+1242,CO2,0.5656,0.7247,0.8074,Original
v0+dmp+N520+1278,CO2,0.4495,0.8103,0.7547,Original
v0+dmp+N520+1455,CO2,0.4605,0.8199,0.5996,Original
v0+dmp+N520+1482,CO2,0.5219,0.7283,0.8615,Original
v0+dmp+N520+1514,CO2,0.7813,0.594,0.804,Original
v0+dmp+N520+1515,CO2,0.4898,0.7664,0.8009,Original
v0+dmp+N520+1769,CO2,0.4667,0.7372,0.8867,Original
v0+dmp+N520+190,CO2,0.852,0.7176,0.5251,Original
v0+dmp+N520+22,CO2,1.0881,0.546,0.7027,Original
v0+dmp+N520+353,CO2,0.7224,0.6838,0.6872,Original
v0+dmp+N520+357,CO2,1.6411,0.3807,0.6452,Original
v0+dmp+N520+565,CO2,0.6067,0.709,0.8191,Original
v0+dmp+N520+774,CO2,0.3877,0.8345,0.7603,Original
v0+dmp+N520+809,CO2,0.5237,0.7784,0.7076,Original
v0+dmp+N520+82,CO2,0.5407,0.6866,0.9264,Original
v0+dmp+N520+823,CO2,0.7086,0.5602,0.913,Original
v0+dmp+N520+835,CO2,0.5251,0.6989,0.9382,Original
v0+dmp+N520+976,CO2,0.63,0.7169,0.7677,Original
v0+dmp+N520+995,CO2,1.0311,0.4085,0.8468,Original
v0+eta+N245+345,CO2,0.147,0.9405,0.7298,Original
v0+hex+N131+1910,CO2,0.4975,0.7331,0.8785,Original
v0+hex+N131+1956,CO2,0.7371,0.6111,0.8633,Original
v0+hex+N131+281,CO2,1.6248,0.2441,0.6743,Original
v0+hex+N131+654,CO2,1.0421,0.3468,0.9672,Original
v0+hex+N131+853,CO2,1.0683,0.4525,0.8251,Original
v0+hex+N131+935,CO2,0.5479,0.7165,0.8749,Original
v0+lcy+N442+173,CO2,0.6277,0.7457,0.6902,Original
v0+lcy+N442+22,CO2,1.1183,0.5829,0.6667,Original
v0+lon+N520+419,CO2,0.3574,0.8501,0.7341,Original
v0+qtz+N520+1111,CO2,0.1664,0.8992,0.9439,Original
v0+qtz+N520+364,CO2,0.4619,0.7495,0.8641,Original
v0+qtz+N520+68,CO2,0.72,0.6789,0.763,Original
v0+reo+N131+1008,CO2,0.4735,0.7599,0.844,Original
v0+reo+N131+1229,CO2,0.5553,0.7053,0.8335,Original
v0+reo+N131+2364,CO2,0.3089,0.8321,0.8878,Original
v0+reo+N131+664,CO2,1.1652,0.3986,0.7517,Original
v0+reo+N131+720,CO2,0.8152,0.5998,0.8181,Original
v0+reo+N131+774,CO2,0.5481,0.7526,0.7887,Original
v0+reo+N131+957,CO2,1.5142,0.4436,0.476,Original
v0+reo+N131+960,CO2,0.6785,0.6598,0.7973,Original
v0+rob+N173+3,CO2,1.5162,0.4334,0.5987,Original
v0+sab+N268+299,CO2,0.5582,0.6853,0.9252,Original
v0+scu+N131+247,CO2,1.4072,0.3602,0.7691,Original
v0+scu+N131+255,CO2,1.1819,0.3932,0.8265,Original
v0+scu+N131+296,CO2,0.8558,0.5808,0.834,Original
v0+sod+N520+348,CO2,0.3186,0.8762,0.7027,Original
v0+sod+N520+834,CO2,0.6899,0.7654,0.4785,Original
v0+sra+N520+3,CO2,0.6034,0.7715,0.6377,Original
v0+tfz-d+N131+1081,CO2,1.0745,0.3749,0.8856,Original
v0+tfz-d+N131+1187,CO2,1.0276,0.3895,0.8902,Original
v0+tfz-d+N131+169,CO2,1.5315,0.2463,0.7417,Original
v0+tfz-d+N131+266,CO2,1.3196,0.3608,0.7802,Original
v0+tfz-d+N131+38,CO2,1.54,0.2328,0.7262,Original
v0+tfz-d+N131+397,CO2,1.2914,0.3132,0.8171,Original
v0+tfz-d+N131+494,CO2,1.0988,0.4118,0.8516,Original
v0+tfz-d+N131+528,CO2,1.4096,0.3205,0.6946,Original
v0+tfz-d+N131+627,CO2,1.1882,0.3489,0.8391,Original
v0+unc+N520+10,CO2,0.4847,0.7952,0.7389,Original
v0+unc+N520+1601,CO2,0.2935,0.8454,0.8528,Original
v0+utk+N245+1349,CO2,0.469,0.7751,0.7821,Original
v0+utp+N51+750,CO2,0.7499,0.6368,0.7739,Original
VEJYIT,CO2,0.933,0.5216,0.8122,Original
VEJZIU,CO2,0.7331,0.5935,0.8194,Original
VIQQUJ_clean,CO2,1.17508,0.38728,0.903073616,Feedback
VIYMAT_clean,CO2,1.46758,0.4671,0.619425445,Feedback
VUQKAU_clean,CO2,1.00728,0.46987,0.893033754,Feedback
VUQKAU01_clean,CO2,1.0462,0.4461,0.8966,Feedback
VUQKAU02_clean,CO2,1.033,0.4555,0.899,Feedback
WIZMAV,CO2,0.7097,0.6669,0.831,Original
WOBQEL_clean,CO2,1.0404,0.4148,0.9008,Feedback
WOJZOM_clean,CO2,1.252,0.50384,0.685286365,Feedback
WURKEB_clean,CO2,0.999228,0.5354,0.844068936,Feedback
XEBHOC,CO2,0.447,0.7812,0.8905,Original
XINWUO_clean,CO2,1.09832,0.53631,0.733937221,Feedback
XUKHUI_clean,CO2,1.2012,0.3835,0.867,Feedback
XUPSAE,CO2,1.0393,0.4845,0.936,Original
YIYHAQ_clean,CO2,0.982113,0.37041,0.946533811,Feedback
YUCZOM_clean,CO2,1.01421,0.44773,0.898080132,Feedback
ZEDZAL01_clean,CO2,1.03183,0.4951,0.784203667,Feedback
Zeolite_13X,CO2,1.41294,0.42848,0.730683,Original
ZnTBAPy4,CO2,1.1373,0.3749,0.8825,Original
ZOMNUM_clean,CO2,1.06034,0.43838,0.894267486,Feedback
